{
  "candidate_scheme_id": "price_volume_single_signal_breakout_proximity_20d_v1",
  "research_round_id": "rr_price_volume_single_signal_discovery_v18_round4_20260423",
  "as_of_date": "20260423",
  "coverage": {
    "ranking_eligible_rows": 15233701,
    "null_score_rows": 907,
    "null_score_share": 5.9539044385865264e-05,
    "scored_with_label_rows": 15021120
  },
  "ic_readout": {
    "full_sample_corr_ic": 0.014219259298852172,
    "avg_daily_ic": 0.026395663052101975,
    "median_daily_ic": 0.018204718243181997,
    "positive_daily_ic_share": 0.5571293673276676
  },
  "decile_monotonicity": {
    "1": 0.004590662846844085,
    "2": 0.004392016693503903,
    "3": 0.004344131619165678,
    "4": 0.004443175810956815,
    "5": 0.004527023203849074,
    "6": 0.004421037632027985,
    "7": 0.004384216653809481,
    "8": 0.00398413972408944,
    "9": 0.003238223550295797,
    "10": -0.0002467627578951849
  },
  "top_slice_readout": {
    "avg_label_top10": 0.0026640564946046187,
    "avg_label_rank11_20": 0.005821886502396683,
    "avg_label_bottom10": -0.005261730422837777,
    "top10_minus_rank11_20": -0.0031578300077920647,
    "top10_minus_bottom10": 0.007925786917442395
  },
  "cutoff_gap": {
    "avg_rank10_11_score_gap": 0.0005364397328695746,
    "median_rank10_11_score_gap": 0.0004446420631392112,
    "days_with_both_ranks": 6361,
    "days_gap_lt_0_005": 6361,
    "days_gap_lt_0_001": 6075
  }
}
