{
  "candidate_scheme_id": "price_volume_single_signal_breakout_volume_confirmation_20d_v1",
  "research_round_id": "rr_price_volume_single_signal_discovery_v18_round4_20260423",
  "as_of_date": "20260423",
  "coverage": {
    "ranking_eligible_rows": 15233701,
    "null_score_rows": 907,
    "null_score_share": 5.9539044385865264e-05,
    "scored_with_label_rows": 15021120
  },
  "ic_readout": {
    "full_sample_corr_ic": 0.007257518388412829,
    "avg_daily_ic": 0.0110526029286499,
    "median_daily_ic": 0.012117325960748423,
    "positive_daily_ic_share": 0.5546112684922884
  },
  "decile_monotonicity": {
    "1": 0.002843748601836687,
    "2": 0.003909267347795266,
    "3": 0.004352137474476407,
    "4": 0.004687138378149016,
    "5": 0.004871721767824507,
    "6": 0.004840399542089386,
    "7": 0.0046838596728876036,
    "8": 0.004310241624951996,
    "9": 0.003513169998876212,
    "10": 7.15466261438058e-05
  },
  "top_slice_readout": {
    "avg_label_top10": 0.004262577005232449,
    "avg_label_rank11_20": 0.00197088763191809,
    "avg_label_bottom10": -0.006743274854111533,
    "top10_minus_rank11_20": 0.002291689373314359,
    "top10_minus_bottom10": 0.011005851859343982
  },
  "cutoff_gap": {
    "avg_rank10_11_score_gap": 0.0005364397328695746,
    "median_rank10_11_score_gap": 0.0004446420631392112,
    "days_with_both_ranks": 6361,
    "days_gap_lt_0_005": 6361,
    "days_gap_lt_0_001": 6075
  }
}
