{
  "candidate_scheme_id": "price_volume_single_signal_close_location_value_20d_v1",
  "research_round_id": "rr_price_volume_single_signal_discovery_v18_round4_20260423",
  "as_of_date": "20260423",
  "coverage": {
    "ranking_eligible_rows": 15233701,
    "null_score_rows": 0,
    "null_score_share": 0.0,
    "scored_with_label_rows": 15022019
  },
  "ic_readout": {
    "full_sample_corr_ic": 0.007014701506334304,
    "avg_daily_ic": 0.008826545374006909,
    "median_daily_ic": 0.0042690544316016975,
    "positive_daily_ic_share": 0.5210070810385523
  },
  "decile_monotonicity": {
    "1": 0.0038714871587240745,
    "2": 0.00420818411426925,
    "3": 0.004197623001706526,
    "4": 0.004205916446401671,
    "5": 0.004220284142120441,
    "6": 0.004251267045728284,
    "7": 0.004154087660208498,
    "8": 0.003926226013721468,
    "9": 0.003381685498630212,
    "10": 0.0016989307190863742
  },
  "top_slice_readout": {
    "avg_label_top10": 0.0037551281826695014,
    "avg_label_rank11_20": 0.004110096683746049,
    "avg_label_bottom10": -0.0009254020213557413,
    "top10_minus_rank11_20": -0.00035496850107654765,
    "top10_minus_bottom10": 0.0046805302040252425
  },
  "cutoff_gap": {
    "avg_rank10_11_score_gap": 0.0005365288980949297,
    "median_rank10_11_score_gap": 0.00044474096039526234,
    "days_with_both_ranks": 6362,
    "days_gap_lt_0_005": 6362,
    "days_gap_lt_0_001": 6075
  }
}
