{
  "candidate_scheme_id": "price_volume_single_signal_alpha158_ma5_v1",
  "research_round_id": "rr_price_volume_single_signal_discovery_v18_round11b_canonical_batch01_20260428",
  "as_of_date": "20260428",
  "coverage": {
    "ranking_eligible_rows": 15233701,
    "null_score_rows": 0,
    "null_score_share": 0.0,
    "scored_with_label_rows": 15022019
  },
  "ic_readout": {
    "full_sample_corr_ic": 0.02160117768494321,
    "avg_daily_ic": 0.04226037750270516,
    "median_daily_ic": 0.03946436916415958,
    "positive_daily_ic_share": 0.6347757671125098
  },
  "decile_monotonicity": {
    "1": 0.004613368968245967,
    "2": 0.00518692860800804,
    "3": 0.005084722913376218,
    "4": 0.0050190399172594866,
    "5": 0.004876649039248626,
    "6": 0.004612087471548771,
    "7": 0.004190723923440536,
    "8": 0.0034157731635123963,
    "9": 0.0022157394774009733,
    "10": -0.001111191452026001
  },
  "top_slice_readout": {
    "avg_label_top10": -0.0026378570209343163,
    "avg_label_rank11_20": 0.004717442724108617,
    "avg_label_bottom10": -0.001997868968472428,
    "top10_minus_rank11_20": -0.007355299745042934,
    "top10_minus_bottom10": -0.0006399880524618883
  },
  "cutoff_gap": {
    "avg_rank10_11_score_gap": 0.0005365288980949296,
    "median_rank10_11_score_gap": 0.00044474096039526234,
    "days_with_both_ranks": 6362,
    "days_gap_lt_0_005": 6362,
    "days_gap_lt_0_001": 6075
  }
}
