{
  "candidate_scheme_id": "price_volume_single_signal_alpha158_open0_v1",
  "research_round_id": "rr_price_volume_single_signal_discovery_v18_round11b_canonical_batch01_20260428",
  "as_of_date": "20260428",
  "coverage": {
    "ranking_eligible_rows": 15233701,
    "null_score_rows": 0,
    "null_score_share": 0.0,
    "scored_with_label_rows": 15022019
  },
  "ic_readout": {
    "full_sample_corr_ic": 0.013570701417691865,
    "avg_daily_ic": 0.022546542192391213,
    "median_daily_ic": 0.019647722873883083,
    "positive_daily_ic_share": 0.5800157356412273
  },
  "decile_monotonicity": {
    "1": 0.0038050430583371196,
    "2": 0.004406287012550788,
    "3": 0.004635187666943277,
    "4": 0.004790145413451919,
    "5": 0.0048218235641138045,
    "6": 0.004682056292572093,
    "7": 0.00447048503862739,
    "8": 0.003951608465903859,
    "9": 0.002961063536458916,
    "10": -0.0004134302108031375
  },
  "top_slice_readout": {
    "avg_label_top10": 0.00014774519383255942,
    "avg_label_rank11_20": 0.0031453011239622104,
    "avg_label_bottom10": -0.005631668460363238,
    "top10_minus_rank11_20": -0.002997555930129651,
    "top10_minus_bottom10": 0.005779413654195798
  },
  "cutoff_gap": {
    "avg_rank10_11_score_gap": 0.0005365288980949297,
    "median_rank10_11_score_gap": 0.00044474096039526234,
    "days_with_both_ranks": 6362,
    "days_gap_lt_0_005": 6362,
    "days_gap_lt_0_001": 6075
  }
}
