{
  "candidate_scheme_id": "price_volume_single_signal_alpha158_std5_v1",
  "research_round_id": "rr_price_volume_single_signal_discovery_v18_round11b_canonical_batch01_20260428",
  "as_of_date": "20260428",
  "coverage": {
    "ranking_eligible_rows": 15233701,
    "null_score_rows": 907,
    "null_score_share": 5.9539044385865264e-05,
    "scored_with_label_rows": 15021120
  },
  "ic_readout": {
    "full_sample_corr_ic": -0.003743391516274416,
    "avg_daily_ic": -0.0041534286410127574,
    "median_daily_ic": -0.010269492232847089,
    "positive_daily_ic_share": 0.45892351274787535
  },
  "decile_monotonicity": {
    "1": 0.0015724227807326675,
    "2": 0.003502891973289267,
    "3": 0.004069215621480887,
    "4": 0.004504342591882444,
    "5": 0.004619663399052882,
    "6": 0.00453377601168583,
    "7": 0.004457403110621434,
    "8": 0.004236303734972841,
    "9": 0.003785607494453189,
    "10": 0.0028103583786720674
  },
  "top_slice_readout": {
    "avg_label_top10": -0.0017016026291371406,
    "avg_label_rank11_20": -0.00013315990988427843,
    "avg_label_bottom10": 0.0021796578141687895,
    "top10_minus_rank11_20": -0.001568442719252862,
    "top10_minus_bottom10": -0.0038812604433059303
  },
  "cutoff_gap": {
    "avg_rank10_11_score_gap": 0.0005364397328695746,
    "median_rank10_11_score_gap": 0.0004446420631392112,
    "days_with_both_ranks": 6361,
    "days_gap_lt_0_005": 6361,
    "days_gap_lt_0_001": 6075
  }
}
