{
  "candidate_scheme_id": "price_volume_single_signal_alpha158_kup_v1",
  "research_round_id": "rr_price_volume_single_signal_discovery_v18_round11b_canonical_batch01_20260428",
  "as_of_date": "20260428",
  "coverage": {
    "ranking_eligible_rows": 15233701,
    "null_score_rows": 0,
    "null_score_share": 0.0,
    "scored_with_label_rows": 15022019
  },
  "ic_readout": {
    "full_sample_corr_ic": 0.0030669237895357554,
    "avg_daily_ic": 0.0011785538561524507,
    "median_daily_ic": -0.0011810829003680433,
    "positive_daily_ic_share": 0.49331235247836347
  },
  "decile_monotonicity": {
    "1": 0.0028763048413174494,
    "2": 0.003967874750301197,
    "3": 0.004223767005793953,
    "4": 0.004357664876252746,
    "5": 0.00444474353737213,
    "6": 0.004414952660365797,
    "7": 0.004245687108007806,
    "8": 0.004016586124994017,
    "9": 0.0033193244566290447,
    "10": 0.0022519748875179588
  },
  "top_slice_readout": {
    "avg_label_top10": -0.0003548697448008726,
    "avg_label_rank11_20": 0.00188880201849054,
    "avg_label_bottom10": 0.0024386332344237126,
    "top10_minus_rank11_20": -0.0022436717632914127,
    "top10_minus_bottom10": -0.0027935029792245853
  },
  "cutoff_gap": {
    "avg_rank10_11_score_gap": 0.0005365288980949297,
    "median_rank10_11_score_gap": 0.00044474096039526234,
    "days_with_both_ranks": 6362,
    "days_gap_lt_0_005": 6362,
    "days_gap_lt_0_001": 6075
  }
}
