{
  "candidate_scheme_id": "price_volume_single_signal_alpha158_ksft_v1",
  "research_round_id": "rr_price_volume_single_signal_discovery_v18_round11b_canonical_batch01_20260428",
  "as_of_date": "20260428",
  "coverage": {
    "ranking_eligible_rows": 15233701,
    "null_score_rows": 0,
    "null_score_share": 0.0,
    "scored_with_label_rows": 15022019
  },
  "ic_readout": {
    "full_sample_corr_ic": 0.015407455220479425,
    "avg_daily_ic": 0.023721394211347197,
    "median_daily_ic": 0.021184431804295075,
    "positive_daily_ic_share": 0.5907159716758458
  },
  "decile_monotonicity": {
    "1": 0.004117520887995198,
    "2": 0.004453801334705185,
    "3": 0.004619694610106722,
    "4": 0.004712544785456239,
    "5": 0.004753254170396162,
    "6": 0.004720068632405855,
    "7": 0.004598376044101389,
    "8": 0.004087919163962841,
    "9": 0.0030736670252612896,
    "10": -0.0010279237926774174
  },
  "top_slice_readout": {
    "avg_label_top10": 0.001022539675931995,
    "avg_label_rank11_20": 0.0038308862675394384,
    "avg_label_bottom10": -0.007466451162611543,
    "top10_minus_rank11_20": -0.0028083465916074433,
    "top10_minus_bottom10": 0.008488990838543539
  },
  "cutoff_gap": {
    "avg_rank10_11_score_gap": 0.0005365288980949296,
    "median_rank10_11_score_gap": 0.00044474096039526234,
    "days_with_both_ranks": 6362,
    "days_gap_lt_0_005": 6362,
    "days_gap_lt_0_001": 6075
  }
}
