{
  "candidate_scheme_id": "price_volume_single_signal_alpha158_std20_v1",
  "research_round_id": "rr_price_volume_single_signal_discovery_v18_round11b_canonical_batch01_20260428",
  "as_of_date": "20260428",
  "coverage": {
    "ranking_eligible_rows": 15233701,
    "null_score_rows": 907,
    "null_score_share": 5.9539044385865264e-05,
    "scored_with_label_rows": 15021120
  },
  "ic_readout": {
    "full_sample_corr_ic": 0.0018095658030037895,
    "avg_daily_ic": 0.00640626168143277,
    "median_daily_ic": -0.0005267902607902911,
    "positive_daily_ic_share": 0.4987409505823104
  },
  "decile_monotonicity": {
    "1": 0.003769521444851439,
    "2": 0.00374413125258069,
    "3": 0.003799568661655723,
    "4": 0.004001474192843055,
    "5": 0.004062758166320427,
    "6": 0.0041201174120993255,
    "7": 0.004086963407434205,
    "8": 0.003991566959267113,
    "9": 0.003621267471575219,
    "10": 0.0028901856734240674
  },
  "top_slice_readout": {
    "avg_label_top10": 0.002554260652446537,
    "avg_label_rank11_20": 0.003999475050086928,
    "avg_label_bottom10": 0.002238770325166242,
    "top10_minus_rank11_20": -0.0014452143976403913,
    "top10_minus_bottom10": 0.00031549032728029475
  },
  "cutoff_gap": {
    "avg_rank10_11_score_gap": 0.0005364397328695746,
    "median_rank10_11_score_gap": 0.0004446420631392112,
    "days_with_both_ranks": 6361,
    "days_gap_lt_0_005": 6361,
    "days_gap_lt_0_001": 6075
  }
}
