{
  "candidate_scheme_id": "price_volume_single_signal_alpha158_vwap0_v1",
  "research_round_id": "rr_price_volume_single_signal_discovery_v18_round11b_canonical_batch01_20260428",
  "as_of_date": "20260428",
  "coverage": {
    "ranking_eligible_rows": 15233701,
    "null_score_rows": 0,
    "null_score_share": 0.0,
    "scored_with_label_rows": 15022019
  },
  "ic_readout": {
    "full_sample_corr_ic": 0.019767089768264055,
    "avg_daily_ic": 0.031014373119950492,
    "median_daily_ic": 0.027360726180527328,
    "positive_daily_ic_share": 0.6368214004720693
  },
  "decile_monotonicity": {
    "1": 0.004831379724774208,
    "2": 0.004827138431368601,
    "3": 0.00481910663854786,
    "4": 0.0047313192126478025,
    "5": 0.004748048778789193,
    "6": 0.004573284384056163,
    "7": 0.004261790275454668,
    "8": 0.00385988163961543,
    "9": 0.0028495611890266034,
    "10": -0.0013961874615025702
  },
  "top_slice_readout": {
    "avg_label_top10": 0.0035854469494394003,
    "avg_label_rank11_20": 0.005059531588040819,
    "avg_label_bottom10": -0.009754448924853191,
    "top10_minus_rank11_20": -0.0014740846386014188,
    "top10_minus_bottom10": 0.01333989587429259
  },
  "cutoff_gap": {
    "avg_rank10_11_score_gap": 0.0005365288980949297,
    "median_rank10_11_score_gap": 0.00044474096039526234,
    "days_with_both_ranks": 6362,
    "days_gap_lt_0_005": 6362,
    "days_gap_lt_0_001": 6075
  }
}
