{
  "candidate_scheme_id": "price_volume_single_signal_alpha158_beta5_v1",
  "research_round_id": "rr_price_volume_single_signal_discovery_v18_round11b_canonical_batch01_20260428",
  "as_of_date": "20260428",
  "coverage": {
    "ranking_eligible_rows": 15233701,
    "null_score_rows": 0,
    "null_score_share": 0.0,
    "scored_with_label_rows": 15022019
  },
  "ic_readout": {
    "full_sample_corr_ic": 0.022004533516192856,
    "avg_daily_ic": 0.04210202523710622,
    "median_daily_ic": 0.03926525385097577,
    "positive_daily_ic_share": 0.6321007081038552
  },
  "decile_monotonicity": {
    "1": 0.004684607005474267,
    "2": 0.005265859725294705,
    "3": 0.005131958461310093,
    "4": 0.005073855766714736,
    "5": 0.004816888568581649,
    "6": 0.004541813068595424,
    "7": 0.004074446599634169,
    "8": 0.0034377493025732476,
    "9": 0.0021241971889469206,
    "10": -0.0010479292281350917
  },
  "top_slice_readout": {
    "avg_label_top10": -0.002667779540271832,
    "avg_label_rank11_20": 0.003991749542621947,
    "avg_label_bottom10": 0.0002946582159185085,
    "top10_minus_rank11_20": -0.006659529082893779,
    "top10_minus_bottom10": -0.0029624377561903404
  },
  "cutoff_gap": {
    "avg_rank10_11_score_gap": 0.0005365288980949297,
    "median_rank10_11_score_gap": 0.00044474096039526234,
    "days_with_both_ranks": 6362,
    "days_gap_lt_0_005": 6362,
    "days_gap_lt_0_001": 6075
  }
}
