{
  "candidate_scheme_id": "price_volume_single_signal_alpha158_std10_v1",
  "research_round_id": "rr_price_volume_single_signal_discovery_v18_round11b_canonical_batch01_20260428",
  "as_of_date": "20260428",
  "coverage": {
    "ranking_eligible_rows": 15233701,
    "null_score_rows": 907,
    "null_score_share": 5.9539044385865264e-05,
    "scored_with_label_rows": 15021120
  },
  "ic_readout": {
    "full_sample_corr_ic": -0.0019149624599715228,
    "avg_daily_ic": 0.00015263901461718072,
    "median_daily_ic": -0.005232301969322467,
    "positive_daily_ic_share": 0.48347497639282344
  },
  "decile_monotonicity": {
    "1": 0.002405374788295862,
    "2": 0.003488882058196684,
    "3": 0.003981906706642442,
    "4": 0.004309978129879098,
    "5": 0.00443263063116131,
    "6": 0.0044207036056093905,
    "7": 0.004288701356790854,
    "8": 0.004150638625961389,
    "9": 0.003744551918086643,
    "10": 0.002867150658437576
  },
  "top_slice_readout": {
    "avg_label_top10": -6.491591709413637e-05,
    "avg_label_rank11_20": 0.0021246753942343417,
    "avg_label_bottom10": 0.0026557788845326794,
    "top10_minus_rank11_20": -0.002189591311328478,
    "top10_minus_bottom10": -0.0027206948016268158
  },
  "cutoff_gap": {
    "avg_rank10_11_score_gap": 0.0005364397328695746,
    "median_rank10_11_score_gap": 0.0004446420631392112,
    "days_with_both_ranks": 6361,
    "days_gap_lt_0_005": 6361,
    "days_gap_lt_0_001": 6075
  }
}
