{
  "candidate_scheme_id": "price_volume_single_signal_alpha158_std60_v1",
  "research_round_id": "rr_price_volume_single_signal_discovery_v18_round11b_canonical_batch01_20260428",
  "as_of_date": "20260428",
  "coverage": {
    "ranking_eligible_rows": 15233701,
    "null_score_rows": 907,
    "null_score_share": 5.9539044385865264e-05,
    "scored_with_label_rows": 15021120
  },
  "ic_readout": {
    "full_sample_corr_ic": 0.009546793810657027,
    "avg_daily_ic": 0.018468813997331086,
    "median_daily_ic": 0.015340039633555307,
    "positive_daily_ic_share": 0.5396600566572238
  },
  "decile_monotonicity": {
    "1": 0.005503736759389486,
    "2": 0.004487093629282168,
    "3": 0.004151657097274149,
    "4": 0.003916025198010162,
    "5": 0.003695335145043676,
    "6": 0.0032936428175307708,
    "7": 0.0034446511207007974,
    "8": 0.003328174864896667,
    "9": 0.003150893887469676,
    "10": 0.0031102506047515567
  },
  "top_slice_readout": {
    "avg_label_top10": 0.005210543161515142,
    "avg_label_rank11_20": 0.008312899682019178,
    "avg_label_bottom10": 0.003473072787836606,
    "top10_minus_rank11_20": -0.0031023565205040354,
    "top10_minus_bottom10": 0.001737470373678536
  },
  "cutoff_gap": {
    "avg_rank10_11_score_gap": 0.0005364397328695746,
    "median_rank10_11_score_gap": 0.0004446420631392112,
    "days_with_both_ranks": 6361,
    "days_gap_lt_0_005": 6361,
    "days_gap_lt_0_001": 6075
  }
}
