{
  "candidate_scheme_id": "price_volume_single_signal_alpha158_kup2_v1",
  "research_round_id": "rr_price_volume_single_signal_discovery_v18_round11b_canonical_batch01_20260428",
  "as_of_date": "20260428",
  "coverage": {
    "ranking_eligible_rows": 15233701,
    "null_score_rows": 0,
    "null_score_share": 0.0,
    "scored_with_label_rows": 15022019
  },
  "ic_readout": {
    "full_sample_corr_ic": 0.003083636547192322,
    "avg_daily_ic": 0.001561301092728587,
    "median_daily_ic": 0.0007248246565002513,
    "positive_daily_ic_share": 0.5052714398111723
  },
  "decile_monotonicity": {
    "1": 0.0032613693679937545,
    "2": 0.003701965582873085,
    "3": 0.0040824566920190635,
    "4": 0.004194797356880144,
    "5": 0.004416334121425371,
    "6": 0.004462469220130076,
    "7": 0.004345193011519879,
    "8": 0.0040837379960842815,
    "9": 0.0033354720081868153,
    "10": 0.0022351268640700144
  },
  "top_slice_readout": {
    "avg_label_top10": 0.0018515637348027103,
    "avg_label_rank11_20": 0.0030878328028437914,
    "avg_label_bottom10": 0.002438633234423709,
    "top10_minus_rank11_20": -0.0012362690680410811,
    "top10_minus_bottom10": -0.0005870694996209988
  },
  "cutoff_gap": {
    "avg_rank10_11_score_gap": 0.0005365288980949297,
    "median_rank10_11_score_gap": 0.00044474096039526234,
    "days_with_both_ranks": 6362,
    "days_gap_lt_0_005": 6362,
    "days_gap_lt_0_001": 6075
  }
}
