{
  "candidate_scheme_id": "price_volume_single_signal_alpha158_ksft2_v1",
  "research_round_id": "rr_price_volume_single_signal_discovery_v18_round11b_canonical_batch01_20260428",
  "as_of_date": "20260428",
  "coverage": {
    "ranking_eligible_rows": 15233701,
    "null_score_rows": 0,
    "null_score_share": 0.0,
    "scored_with_label_rows": 15022019
  },
  "ic_readout": {
    "full_sample_corr_ic": 0.012201606901738694,
    "avg_daily_ic": 0.019032035151297935,
    "median_daily_ic": 0.016386482682852064,
    "positive_daily_ic_share": 0.5855232100708104
  },
  "decile_monotonicity": {
    "1": 0.003592203216630462,
    "2": 0.0043287330784927795,
    "3": 0.004560357725222172,
    "4": 0.004724850375111828,
    "5": 0.004768533937919443,
    "6": 0.0046735658067330555,
    "7": 0.004621533835166006,
    "8": 0.003999257927968368,
    "9": 0.0030899412401358293,
    "10": -0.0002474191815003685
  },
  "top_slice_readout": {
    "avg_label_top10": 0.0029927621422126964,
    "avg_label_rank11_20": 0.004090957023162249,
    "avg_label_bottom10": -0.004793739350301124,
    "top10_minus_rank11_20": -0.0010981948809495527,
    "top10_minus_bottom10": 0.007786501492513821
  },
  "cutoff_gap": {
    "avg_rank10_11_score_gap": 0.0005365288980949296,
    "median_rank10_11_score_gap": 0.00044474096039526234,
    "days_with_both_ranks": 6362,
    "days_gap_lt_0_005": 6362,
    "days_gap_lt_0_001": 6075
  }
}
