{
  "candidate_scheme_id": "price_volume_single_signal_alpha158_high0_v1",
  "research_round_id": "rr_price_volume_single_signal_discovery_v18_round11b_canonical_batch01_20260428",
  "as_of_date": "20260428",
  "coverage": {
    "ranking_eligible_rows": 15233701,
    "null_score_rows": 0,
    "null_score_share": 0.0,
    "scored_with_label_rows": 15022019
  },
  "ic_readout": {
    "full_sample_corr_ic": 0.011540239923562014,
    "avg_daily_ic": 0.01730843289280857,
    "median_daily_ic": 0.01032626649126611,
    "positive_daily_ic_share": 0.5442958300550748
  },
  "decile_monotonicity": {
    "1": 0.0038492651982790613,
    "2": 0.0045134561150751255,
    "3": 0.0045773661120290165,
    "4": 0.004610660435245585,
    "5": 0.004546979892357095,
    "6": 0.0043819227624409905,
    "7": 0.004113497739184043,
    "8": 0.003818489993087247,
    "9": 0.0031394058246339966,
    "10": 0.0005609107901688682
  },
  "top_slice_readout": {
    "avg_label_top10": 0.00020410360604398062,
    "avg_label_rank11_20": 0.002807077722909578,
    "avg_label_bottom10": -0.002208923066722819,
    "top10_minus_rank11_20": -0.002602974116865597,
    "top10_minus_bottom10": 0.0024130266727667997
  },
  "cutoff_gap": {
    "avg_rank10_11_score_gap": 0.0005365288980949297,
    "median_rank10_11_score_gap": 0.00044474096039526234,
    "days_with_both_ranks": 6362,
    "days_gap_lt_0_005": 6362,
    "days_gap_lt_0_001": 6075
  }
}
