{
  "candidate_scheme_id": "price_volume_single_signal_alpha158_std30_v1",
  "research_round_id": "rr_price_volume_single_signal_discovery_v18_round11b_canonical_batch01_20260428",
  "as_of_date": "20260428",
  "coverage": {
    "ranking_eligible_rows": 15233701,
    "null_score_rows": 907,
    "null_score_share": 5.9539044385865264e-05,
    "scored_with_label_rows": 15021120
  },
  "ic_readout": {
    "full_sample_corr_ic": 0.005835510770603064,
    "avg_daily_ic": 0.012398148318294748,
    "median_daily_ic": 0.0053059291158549775,
    "positive_daily_ic_share": 0.5154233553666981
  },
  "decile_monotonicity": {
    "1": 0.0046288020487539995,
    "2": 0.0041255501843787176,
    "3": 0.003959530300578522,
    "4": 0.0039662328337092935,
    "5": 0.0038898689893184053,
    "6": 0.0038031079023996177,
    "7": 0.0037668397927673875,
    "8": 0.0035826766776213136,
    "9": 0.0034720014755969778,
    "10": 0.0028897643462956176
  },
  "top_slice_readout": {
    "avg_label_top10": 0.003587462879173891,
    "avg_label_rank11_20": 0.006345455559951053,
    "avg_label_bottom10": 0.002485390113531052,
    "top10_minus_rank11_20": -0.0027579926807771624,
    "top10_minus_bottom10": 0.001102072765642839
  },
  "cutoff_gap": {
    "avg_rank10_11_score_gap": 0.0005364397328695746,
    "median_rank10_11_score_gap": 0.0004446420631392112,
    "days_with_both_ranks": 6361,
    "days_gap_lt_0_005": 6361,
    "days_gap_lt_0_001": 6075
  }
}
