{
  "candidate_scheme_id": "price_volume_single_signal_breakdown_distance_20d_v1",
  "research_round_id": "rr_price_volume_single_signal_discovery_v18_round6_alpha158_paper_20260425",
  "as_of_date": "20260425",
  "coverage": {
    "ranking_eligible_rows": 15233701,
    "null_score_rows": 907,
    "null_score_share": 5.9539044385865264e-05,
    "scored_with_label_rows": 15021120
  },
  "ic_readout": {
    "full_sample_corr_ic": 0.006300346036344205,
    "avg_daily_ic": 0.012856838134439772,
    "median_daily_ic": 0.011013915220160363,
    "positive_daily_ic_share": 0.5354107648725213
  },
  "decile_monotonicity": {
    "1": 0.002572553561146692,
    "2": 0.0037173752535152598,
    "3": 0.004264827077709102,
    "4": 0.0047345497631032145,
    "5": 0.005000920006028306,
    "6": 0.005026853795569646,
    "7": 0.004903057227349499,
    "8": 0.0043796767683262705,
    "9": 0.0032828695112051384,
    "10": 0.00020151803810731378
  },
  "top_slice_readout": {
    "avg_label_top10": -0.0023053788946113354,
    "avg_label_rank11_20": 0.0023082124895709745,
    "avg_label_bottom10": -0.0007986343127403586,
    "top10_minus_rank11_20": -0.0046135913841823094,
    "top10_minus_bottom10": -0.0015067445818709767
  },
  "cutoff_gap": {
    "avg_rank10_11_score_gap": 0.0005364397328695746,
    "median_rank10_11_score_gap": 0.0004446420631392112,
    "days_with_both_ranks": 6361,
    "days_gap_lt_0_005": 6361,
    "days_gap_lt_0_001": 6075
  }
}
