{
  "candidate_scheme_id": "price_volume_single_signal_upper_shadow_pressure_20d_v1",
  "research_round_id": "rr_price_volume_single_signal_discovery_v18_round6_alpha158_paper_20260425",
  "as_of_date": "20260425",
  "coverage": {
    "ranking_eligible_rows": 15233701,
    "null_score_rows": 0,
    "null_score_share": 0.0,
    "scored_with_label_rows": 15022019
  },
  "ic_readout": {
    "full_sample_corr_ic": 0.0023550912526387868,
    "avg_daily_ic": 0.0003539631186366882,
    "median_daily_ic": 0.000718928245324928,
    "positive_daily_ic_share": 0.505428796223446
  },
  "decile_monotonicity": {
    "1": 0.0037041107279395173,
    "2": 0.003948890618296615,
    "3": 0.003942686284896455,
    "4": 0.003995439925927493,
    "5": 0.0040216801286378084,
    "6": 0.004059661477225849,
    "7": 0.003951145890960953,
    "8": 0.003847291371848959,
    "9": 0.003752228056696025,
    "10": 0.002896251479360575
  },
  "top_slice_readout": {
    "avg_label_top10": 0.0031258001986002137,
    "avg_label_rank11_20": 0.003462795973769192,
    "avg_label_bottom10": 0.0006065022598017412,
    "top10_minus_rank11_20": -0.00033699577516897814,
    "top10_minus_bottom10": 0.0025192979387984723
  },
  "cutoff_gap": {
    "avg_rank10_11_score_gap": 0.0005365288980949297,
    "median_rank10_11_score_gap": 0.00044474096039526234,
    "days_with_both_ranks": 6362,
    "days_gap_lt_0_005": 6362,
    "days_gap_lt_0_001": 6075
  }
}
