{
  "candidate_scheme_id": "price_volume_single_signal_breakout_distance_20d_v1",
  "research_round_id": "rr_price_volume_single_signal_discovery_v18_round6_alpha158_paper_20260425",
  "as_of_date": "20260425",
  "coverage": {
    "ranking_eligible_rows": 15233701,
    "null_score_rows": 907,
    "null_score_share": 5.9539044385865264e-05,
    "scored_with_label_rows": 15021120
  },
  "ic_readout": {
    "full_sample_corr_ic": 0.014219259298850274,
    "avg_daily_ic": 0.02639566305210198,
    "median_daily_ic": 0.018204718243181997,
    "positive_daily_ic_share": 0.5571293673276676
  },
  "decile_monotonicity": {
    "1": 0.004590662846844018,
    "2": 0.0043920166935039,
    "3": 0.004344131619165663,
    "4": 0.004443175810956758,
    "5": 0.004527023203849045,
    "6": 0.004421037632027932,
    "7": 0.00438421665380948,
    "8": 0.0039841397240894345,
    "9": 0.0032382235502957848,
    "10": -0.0002467627578951918
  },
  "top_slice_readout": {
    "avg_label_top10": 0.0026640564946046165,
    "avg_label_rank11_20": 0.0058218865023966886,
    "avg_label_bottom10": -0.005261730422837771,
    "top10_minus_rank11_20": -0.003157830007792072,
    "top10_minus_bottom10": 0.007925786917442387
  },
  "cutoff_gap": {
    "avg_rank10_11_score_gap": 0.0005364397328695746,
    "median_rank10_11_score_gap": 0.0004446420631392112,
    "days_with_both_ranks": 6361,
    "days_gap_lt_0_005": 6361,
    "days_gap_lt_0_001": 6075
  }
}
