{
  "candidate_scheme_id": "price_volume_single_signal_alpha158_vsumd60_v1",
  "research_round_id": "rr_price_volume_single_signal_discovery_v18_round11b_canonical_batch06_20260428",
  "as_of_date": "20260428",
  "coverage": {
    "ranking_eligible_rows": 15233701,
    "null_score_rows": 907,
    "null_score_share": 5.9539044385865264e-05,
    "scored_with_label_rows": 15021120
  },
  "ic_readout": {
    "full_sample_corr_ic": 0.014042637258129754,
    "avg_daily_ic": 0.023206605862348566,
    "median_daily_ic": 0.02538835526714702,
    "positive_daily_ic_share": 0.6185080264400378
  },
  "decile_monotonicity": {
    "1": 0.004686596600245271,
    "2": 0.004414827482917266,
    "3": 0.0043346012984949184,
    "4": 0.004313768545857267,
    "5": 0.0044330615165871405,
    "6": 0.004449357173625877,
    "7": 0.004413519617353359,
    "8": 0.00408899255780951,
    "9": 0.0032680465895847124,
    "10": -0.00032497966579949066
  },
  "top_slice_readout": {
    "avg_label_top10": 0.005516514687764806,
    "avg_label_rank11_20": 0.004933155623022568,
    "avg_label_bottom10": -0.008018039235350292,
    "top10_minus_rank11_20": 0.0005833590647422379,
    "top10_minus_bottom10": 0.0135345539231151
  },
  "cutoff_gap": {
    "avg_rank10_11_score_gap": 0.0005364397328695746,
    "median_rank10_11_score_gap": 0.0004446420631392112,
    "days_with_both_ranks": 6361,
    "days_gap_lt_0_005": 6361,
    "days_gap_lt_0_001": 6075
  }
}
