{
  "candidate_scheme_id": "price_volume_single_signal_alpha158_vsumd20_v1",
  "research_round_id": "rr_price_volume_single_signal_discovery_v18_round11b_canonical_batch06_20260428",
  "as_of_date": "20260428",
  "coverage": {
    "ranking_eligible_rows": 15233701,
    "null_score_rows": 907,
    "null_score_share": 5.9539044385865264e-05,
    "scored_with_label_rows": 15021120
  },
  "ic_readout": {
    "full_sample_corr_ic": 0.010994716096257845,
    "avg_daily_ic": 0.017574221315985992,
    "median_daily_ic": 0.01672988515098335,
    "positive_daily_ic_share": 0.5873465533522191
  },
  "decile_monotonicity": {
    "1": 0.004461124686073563,
    "2": 0.00412913221950989,
    "3": 0.0041508787440564035,
    "4": 0.004269857741944404,
    "5": 0.004312250785402247,
    "6": 0.004396037818618307,
    "7": 0.004469366057456821,
    "8": 0.0042292166396560886,
    "9": 0.0035365560012016405,
    "10": 0.00012586954970532634
  },
  "top_slice_readout": {
    "avg_label_top10": 0.005347480675414916,
    "avg_label_rank11_20": 0.0048474315553604114,
    "avg_label_bottom10": -0.007213308157855596,
    "top10_minus_rank11_20": 0.0005000491200545043,
    "top10_minus_bottom10": 0.012560788833270511
  },
  "cutoff_gap": {
    "avg_rank10_11_score_gap": 0.0005364397328695747,
    "median_rank10_11_score_gap": 0.0004446420631392112,
    "days_with_both_ranks": 6361,
    "days_gap_lt_0_005": 6361,
    "days_gap_lt_0_001": 6075
  }
}
