{
  "candidate_scheme_id": "price_volume_single_signal_alpha158_vsumd30_v1",
  "research_round_id": "rr_price_volume_single_signal_discovery_v18_round11b_canonical_batch06_20260428",
  "as_of_date": "20260428",
  "coverage": {
    "ranking_eligible_rows": 15233701,
    "null_score_rows": 907,
    "null_score_share": 5.9539044385865264e-05,
    "scored_with_label_rows": 15021120
  },
  "ic_readout": {
    "full_sample_corr_ic": 0.013640723044658647,
    "avg_daily_ic": 0.022345747852464314,
    "median_daily_ic": 0.021519159818705377,
    "positive_daily_ic_share": 0.610324205225055
  },
  "decile_monotonicity": {
    "1": 0.004774096370567448,
    "2": 0.004291972104809974,
    "3": 0.0042820318876314765,
    "4": 0.004327880536795965,
    "5": 0.004393278897777955,
    "6": 0.004402866154602188,
    "7": 0.004370894500808604,
    "8": 0.00411713028775787,
    "9": 0.0032978155386375616,
    "10": -0.00017979664791855756
  },
  "top_slice_readout": {
    "avg_label_top10": 0.006592549590890523,
    "avg_label_rank11_20": 0.005547623605287932,
    "avg_label_bottom10": -0.007319648731532131,
    "top10_minus_rank11_20": 0.0010449259856025904,
    "top10_minus_bottom10": 0.013912198322422653
  },
  "cutoff_gap": {
    "avg_rank10_11_score_gap": 0.0005364397328695746,
    "median_rank10_11_score_gap": 0.0004446420631392112,
    "days_with_both_ranks": 6361,
    "days_gap_lt_0_005": 6361,
    "days_gap_lt_0_001": 6075
  }
}
