{
  "candidate_scheme_id": "price_volume_single_signal_alpha158_vsumn30_v1",
  "research_round_id": "rr_price_volume_single_signal_discovery_v18_round11b_canonical_batch06_20260428",
  "as_of_date": "20260428",
  "coverage": {
    "ranking_eligible_rows": 15233701,
    "null_score_rows": 907,
    "null_score_share": 5.9539044385865264e-05,
    "scored_with_label_rows": 15021120
  },
  "ic_readout": {
    "full_sample_corr_ic": 0.013640049259119859,
    "avg_daily_ic": 0.02234249558625577,
    "median_daily_ic": 0.021550364065101378,
    "positive_daily_ic_share": 0.6104815864022662
  },
  "decile_monotonicity": {
    "1": 0.004774096370567442,
    "2": 0.004292221593529543,
    "3": 0.004282284187142753,
    "4": 0.0043284275542654575,
    "5": 0.004392304291357693,
    "6": 0.004402925999254548,
    "7": 0.004371123199275992,
    "8": 0.004115816283948704,
    "9": 0.00329722206009049,
    "10": -0.00017825182290346787
  },
  "top_slice_readout": {
    "avg_label_top10": 0.0065925495908905115,
    "avg_label_rank11_20": 0.005547623605287933,
    "avg_label_bottom10": -0.007309727136878588,
    "top10_minus_rank11_20": 0.0010449259856025782,
    "top10_minus_bottom10": 0.0139022767277691
  },
  "cutoff_gap": {
    "avg_rank10_11_score_gap": 0.0005364397328695746,
    "median_rank10_11_score_gap": 0.0004446420631392112,
    "days_with_both_ranks": 6361,
    "days_gap_lt_0_005": 6361,
    "days_gap_lt_0_001": 6075
  }
}
