{
  "candidate_scheme_id": "price_volume_single_signal_alpha158_vsumd10_v1",
  "research_round_id": "rr_price_volume_single_signal_discovery_v18_round11b_canonical_batch06_20260428",
  "as_of_date": "20260428",
  "coverage": {
    "ranking_eligible_rows": 15233701,
    "null_score_rows": 907,
    "null_score_share": 5.9539044385865264e-05,
    "scored_with_label_rows": 15021120
  },
  "ic_readout": {
    "full_sample_corr_ic": 0.008973860794168901,
    "avg_daily_ic": 0.015932246399316664,
    "median_daily_ic": 0.014711510019497238,
    "positive_daily_ic_share": 0.5807365439093485
  },
  "decile_monotonicity": {
    "1": 0.003815770418041923,
    "2": 0.004126339339264819,
    "3": 0.004266221178301138,
    "4": 0.004370336349451272,
    "5": 0.00446778478912827,
    "6": 0.004470191087497835,
    "7": 0.004431220279456563,
    "8": 0.004215971301287696,
    "9": 0.0034600065325674934,
    "10": 0.00045794726157854533
  },
  "top_slice_readout": {
    "avg_label_top10": 0.0032320682402550175,
    "avg_label_rank11_20": 0.0037818530650891827,
    "avg_label_bottom10": -0.006353836463515598,
    "top10_minus_rank11_20": -0.0005497848248341652,
    "top10_minus_bottom10": 0.009585904703770616
  },
  "cutoff_gap": {
    "avg_rank10_11_score_gap": 0.0005364397328695746,
    "median_rank10_11_score_gap": 0.0004446420631392112,
    "days_with_both_ranks": 6361,
    "days_gap_lt_0_005": 6361,
    "days_gap_lt_0_001": 6075
  }
}
