{
  "generated_at": "2026-04-19T10:17:03.222241+08:00",
  "candidate_scheme_id": "price_volume_multisignal_v13_core",
  "research_round_id": "rr_price_volume_multisignal_family_20260419",
  "baseline_reference_candidate_scheme_id": "baseline_momentum_v7_liquidity_guard70",
  "comparison_type": "v13_vs_recalibrated_v7",
  "v7": {
    "run_id": "fullchain_baseline_liquidity_guard70_recalibrated_20260418_1915",
    "snapshot_id": "warehouse_20260418_181408",
    "annual_relative_return": -0.06976572569304007,
    "relative_ir": -0.5287021621315882,
    "max_drawdown": -0.3968114993586318,
    "avg_cash_weight": 0.7919965084907071,
    "avg_invested_weight": 0.2080034915092814,
    "avg_turnover_daily": 0.09811299793683326,
    "low_liquidity_weight_share": 0.020450724262800736,
    "low_liquidity_alpha_contribution_share": -0.10314096828107921,
    "topk_perturbation_pass": false,
    "cost_stress_pass": false
  },
  "v13": {
    "run_id": "fullchain_price_volume_multisignal_core_20260419_1008",
    "snapshot_id": "warehouse_20260418_181408",
    "annual_relative_return": -0.1247327152720491,
    "relative_ir": -0.828565390663045,
    "max_drawdown": -0.662926920858262,
    "avg_cash_weight": 0.8135970307225706,
    "avg_invested_weight": 0.1864029692774199,
    "avg_turnover_daily": 0.08835316665713308,
    "low_liquidity_weight_share": 0.009513639452478928,
    "low_liquidity_alpha_contribution_share": 0.03837218091414364,
    "topk_perturbation_pass": false,
    "cost_stress_pass": false
  },
  "deltas": {
    "annual_relative_return_delta": -0.05496698957900903,
    "relative_ir_delta": -0.29986322853145686,
    "max_drawdown_delta": -0.2661154214996302,
    "avg_cash_weight_delta": 0.021600522231863484,
    "avg_invested_weight_delta": -0.021600522231861513,
    "avg_turnover_daily_delta": -0.009759831279700176,
    "low_liquidity_weight_share_delta": -0.010937084810321808,
    "low_liquidity_alpha_contribution_share_delta": 0.14151314919522284
  },
  "decision": {
    "status": "weak_candidate",
    "reason": "price/volume multisignal core materially worsened annual relative return, relative IR, and drawdown versus recalibrated v7 while still failing perturbation and cost-stress gates, so it does not justify replacing v7 as the active reference weak scheme"
  }
}
