{
  "candidate_scheme_id": "price_volume_single_signal_alpha158_min60_v1",
  "research_round_id": "rr_price_volume_single_signal_discovery_v18_round11b_canonical_batch02_20260428",
  "as_of_date": "20260428",
  "coverage": {
    "ranking_eligible_rows": 15233701,
    "null_score_rows": 0,
    "null_score_share": 0.0,
    "scored_with_label_rows": 15022019
  },
  "ic_readout": {
    "full_sample_corr_ic": 0.006158633047443126,
    "avg_daily_ic": 0.010009213435182934,
    "median_daily_ic": 0.008422636633427674,
    "positive_daily_ic_share": 0.5246262785208498
  },
  "decile_monotonicity": {
    "1": 0.0018449505373841712,
    "2": 0.003991968403807361,
    "3": 0.004860999765902551,
    "4": 0.005103674967613057,
    "5": 0.005192938291799932,
    "6": 0.00495145685903932,
    "7": 0.004561156435613806,
    "8": 0.004067378770944945,
    "9": 0.002951688645513334,
    "10": 0.0005899527506544213
  },
  "top_slice_readout": {
    "avg_label_top10": -0.003700442242728417,
    "avg_label_rank11_20": 0.00010251104460874051,
    "avg_label_bottom10": 0.0006540916129262049,
    "top10_minus_rank11_20": -0.0038029532873371575,
    "top10_minus_bottom10": -0.0043545338556546225
  },
  "cutoff_gap": {
    "avg_rank10_11_score_gap": 0.0005365288980949297,
    "median_rank10_11_score_gap": 0.00044474096039526234,
    "days_with_both_ranks": 6362,
    "days_gap_lt_0_005": 6362,
    "days_gap_lt_0_001": 6075
  }
}
