{
  "candidate_scheme_id": "price_volume_single_signal_alpha158_beta60_v1",
  "research_round_id": "rr_price_volume_single_signal_discovery_v18_round11b_canonical_batch02_20260428",
  "as_of_date": "20260428",
  "coverage": {
    "ranking_eligible_rows": 15233701,
    "null_score_rows": 0,
    "null_score_share": 0.0,
    "scored_with_label_rows": 15022019
  },
  "ic_readout": {
    "full_sample_corr_ic": 0.0127543068120628,
    "avg_daily_ic": 0.018742737618015596,
    "median_daily_ic": 0.01466532884514143,
    "positive_daily_ic_share": 0.5413060582218725
  },
  "decile_monotonicity": {
    "1": 0.005617446396343498,
    "2": 0.0046854751289874584,
    "3": 0.004315891690750324,
    "4": 0.004054511309352594,
    "5": 0.003920067755959487,
    "6": 0.0037679613732491714,
    "7": 0.003511103980785363,
    "8": 0.0031423805098462357,
    "9": 0.002739440909757454,
    "10": 0.0023564640222658428
  },
  "top_slice_readout": {
    "avg_label_top10": 0.005506382191968622,
    "avg_label_rank11_20": 0.007210240837605265,
    "avg_label_bottom10": 0.003809620364004487,
    "top10_minus_rank11_20": -0.001703858645636643,
    "top10_minus_bottom10": 0.0016967618279641354
  },
  "cutoff_gap": {
    "avg_rank10_11_score_gap": 0.0005365288980949297,
    "median_rank10_11_score_gap": 0.00044474096039526234,
    "days_with_both_ranks": 6362,
    "days_gap_lt_0_005": 6362,
    "days_gap_lt_0_001": 6075
  }
}
