{
  "candidate_scheme_id": "price_volume_single_signal_alpha158_beta30_v1",
  "research_round_id": "rr_price_volume_single_signal_discovery_v18_round11b_canonical_batch02_20260428",
  "as_of_date": "20260428",
  "coverage": {
    "ranking_eligible_rows": 15233701,
    "null_score_rows": 0,
    "null_score_share": 0.0,
    "scored_with_label_rows": 15022019
  },
  "ic_readout": {
    "full_sample_corr_ic": 0.015216222475799564,
    "avg_daily_ic": 0.022741665059603053,
    "median_daily_ic": 0.01731653560441896,
    "positive_daily_ic_share": 0.5499606608969315
  },
  "decile_monotonicity": {
    "1": 0.005077475830273678,
    "2": 0.004760126205812596,
    "3": 0.004617986799451854,
    "4": 0.004517826740539713,
    "5": 0.004244349395592253,
    "6": 0.0040958882927243445,
    "7": 0.0037527937767224454,
    "8": 0.003338545332258672,
    "9": 0.0024600794411664493,
    "10": 0.001243808409233131
  },
  "top_slice_readout": {
    "avg_label_top10": 0.0027578875539744844,
    "avg_label_rank11_20": 0.00643381389766528,
    "avg_label_bottom10": 0.0014997394052417507,
    "top10_minus_rank11_20": -0.0036759263436907954,
    "top10_minus_bottom10": 0.0012581481487327338
  },
  "cutoff_gap": {
    "avg_rank10_11_score_gap": 0.0005365288980949296,
    "median_rank10_11_score_gap": 0.00044474096039526234,
    "days_with_both_ranks": 6362,
    "days_gap_lt_0_005": 6362,
    "days_gap_lt_0_001": 6075
  }
}
