{
  "candidate_scheme_id": "price_volume_single_signal_alpha158_qtlu5_v1",
  "research_round_id": "rr_price_volume_single_signal_discovery_v18_round11b_canonical_batch02_20260428",
  "as_of_date": "20260428",
  "coverage": {
    "ranking_eligible_rows": 15233701,
    "null_score_rows": 0,
    "null_score_share": 0.0,
    "scored_with_label_rows": 15022019
  },
  "ic_readout": {
    "full_sample_corr_ic": 0.021119746429007484,
    "avg_daily_ic": 0.04136802300816663,
    "median_daily_ic": 0.035781940467437455,
    "positive_daily_ic_share": 0.6265932336742722
  },
  "decile_monotonicity": {
    "1": 0.004619416699433182,
    "2": 0.005224097412962171,
    "3": 0.005073246068428965,
    "4": 0.004938516747757545,
    "5": 0.004786586243115682,
    "6": 0.004460825438412912,
    "7": 0.004174140045339247,
    "8": 0.0035229271813877507,
    "9": 0.0024615699850416128,
    "10": -0.0011571194165007925
  },
  "top_slice_readout": {
    "avg_label_top10": -0.003061990516346349,
    "avg_label_rank11_20": 0.004367241768389307,
    "avg_label_bottom10": -0.004728648977964083,
    "top10_minus_rank11_20": -0.007429232284735656,
    "top10_minus_bottom10": 0.0016666584616177342
  },
  "cutoff_gap": {
    "avg_rank10_11_score_gap": 0.0005365288980949297,
    "median_rank10_11_score_gap": 0.00044474096039526234,
    "days_with_both_ranks": 6362,
    "days_gap_lt_0_005": 6362,
    "days_gap_lt_0_001": 6075
  }
}
