{
  "candidate_scheme_id": "price_volume_single_signal_alpha158_rsqr30_v1",
  "research_round_id": "rr_price_volume_single_signal_discovery_v18_round11b_canonical_batch02_20260428",
  "as_of_date": "20260428",
  "coverage": {
    "ranking_eligible_rows": 15233701,
    "null_score_rows": 942,
    "null_score_share": 6.183658193107506e-05,
    "scored_with_label_rows": 15021085
  },
  "ic_readout": {
    "full_sample_corr_ic": -0.0030777164695361113,
    "avg_daily_ic": -0.0061262658055949454,
    "median_daily_ic": -0.0005040720302609907,
    "positive_daily_ic_share": 0.4973245199874095
  },
  "decile_monotonicity": {
    "1": 0.0034637268674042546,
    "2": 0.0036025000238180914,
    "3": 0.0035545688393962276,
    "4": 0.003678443303947786,
    "5": 0.0037774787886647215,
    "6": 0.003918737183779723,
    "7": 0.003956252943109059,
    "8": 0.004125216136174765,
    "9": 0.003925040350126616,
    "10": 0.004089249281987954
  },
  "top_slice_readout": {
    "avg_label_top10": 0.003802631728578542,
    "avg_label_rank11_20": 0.003935234295628959,
    "avg_label_bottom10": 0.004962995436002991,
    "top10_minus_rank11_20": -0.00013260256705041693,
    "top10_minus_bottom10": -0.001160363707424449
  },
  "cutoff_gap": {
    "avg_rank10_11_score_gap": 0.0005364469141833356,
    "median_rank10_11_score_gap": 0.0004446420631392112,
    "days_with_both_ranks": 6361,
    "days_gap_lt_0_005": 6361,
    "days_gap_lt_0_001": 6075
  }
}
