{
  "candidate_scheme_id": "price_volume_single_signal_alpha158_qtld5_v1",
  "research_round_id": "rr_price_volume_single_signal_discovery_v18_round11b_canonical_batch02_20260428",
  "as_of_date": "20260428",
  "coverage": {
    "ranking_eligible_rows": 15233701,
    "null_score_rows": 0,
    "null_score_share": 0.0,
    "scored_with_label_rows": 15022019
  },
  "ic_readout": {
    "full_sample_corr_ic": 0.019062713195293228,
    "avg_daily_ic": 0.03698279669569054,
    "median_daily_ic": 0.036100409532778224,
    "positive_daily_ic_share": 0.6261211644374508
  },
  "decile_monotonicity": {
    "1": 0.004408219926268925,
    "2": 0.004852095452731212,
    "3": 0.004856281319471368,
    "4": 0.004930010840391813,
    "5": 0.0049331577411447745,
    "6": 0.004673784344518299,
    "7": 0.00435144033376259,
    "8": 0.0036525074771141188,
    "9": 0.002369535282210966,
    "10": -0.0009210997341842096
  },
  "top_slice_readout": {
    "avg_label_top10": -0.0011244305724429163,
    "avg_label_rank11_20": 0.004465322093696674,
    "avg_label_bottom10": -0.00025650801653730523,
    "top10_minus_rank11_20": -0.0055897526661395905,
    "top10_minus_bottom10": -0.000867922555905611
  },
  "cutoff_gap": {
    "avg_rank10_11_score_gap": 0.0005365288980949296,
    "median_rank10_11_score_gap": 0.00044474096039526234,
    "days_with_both_ranks": 6362,
    "days_gap_lt_0_005": 6362,
    "days_gap_lt_0_001": 6075
  }
}
