{
  "candidate_scheme_id": "price_volume_single_signal_alpha158_beta20_v1",
  "research_round_id": "rr_price_volume_single_signal_discovery_v18_round11b_canonical_batch02_20260428",
  "as_of_date": "20260428",
  "coverage": {
    "ranking_eligible_rows": 15233701,
    "null_score_rows": 0,
    "null_score_share": 0.0,
    "scored_with_label_rows": 15022019
  },
  "ic_readout": {
    "full_sample_corr_ic": 0.00942751278625658,
    "avg_daily_ic": 0.013344981300719766,
    "median_daily_ic": 0.008271497717175015,
    "positive_daily_ic_share": 0.5280881195908733
  },
  "decile_monotonicity": {
    "1": 0.003994093817356764,
    "2": 0.004153285000045355,
    "3": 0.004380836408674748,
    "4": 0.004434557197295983,
    "5": 0.004573187851939946,
    "6": 0.004388944994542785,
    "7": 0.0041915362900238375,
    "8": 0.00364298097420448,
    "9": 0.002976551209253017,
    "10": 0.0013777056232376
  },
  "top_slice_readout": {
    "avg_label_top10": 0.0009690207579728928,
    "avg_label_rank11_20": 0.004191246260723406,
    "avg_label_bottom10": 0.0018739164683042374,
    "top10_minus_rank11_20": -0.0032222255027505127,
    "top10_minus_bottom10": -0.0009048957103313446
  },
  "cutoff_gap": {
    "avg_rank10_11_score_gap": 0.0005365288980949297,
    "median_rank10_11_score_gap": 0.00044474096039526234,
    "days_with_both_ranks": 6362,
    "days_gap_lt_0_005": 6362,
    "days_gap_lt_0_001": 6075
  }
}
