{
  "candidate_scheme_id": "price_volume_single_signal_alpha158_qtld10_v1",
  "research_round_id": "rr_price_volume_single_signal_discovery_v18_round11b_canonical_batch02_20260428",
  "as_of_date": "20260428",
  "coverage": {
    "ranking_eligible_rows": 15233701,
    "null_score_rows": 0,
    "null_score_share": 0.0,
    "scored_with_label_rows": 15022019
  },
  "ic_readout": {
    "full_sample_corr_ic": 0.017137444392408715,
    "avg_daily_ic": 0.032707960236621245,
    "median_daily_ic": 0.03187565249317853,
    "positive_daily_ic_share": 0.6059795436664044
  },
  "decile_monotonicity": {
    "1": 0.004296621825948276,
    "2": 0.004635458056622736,
    "3": 0.004733818609419394,
    "4": 0.004859401619395656,
    "5": 0.004837860969763036,
    "6": 0.004741542566178713,
    "7": 0.0043866838895943745,
    "8": 0.003752074456683447,
    "9": 0.0024569409963201114,
    "10": -0.000592868296054255
  },
  "top_slice_readout": {
    "avg_label_top10": -0.0008225696538190757,
    "avg_label_rank11_20": 0.005074051708714678,
    "avg_label_bottom10": -0.0007901227164456656,
    "top10_minus_rank11_20": -0.005896621362533753,
    "top10_minus_bottom10": -3.2446937373410115e-05
  },
  "cutoff_gap": {
    "avg_rank10_11_score_gap": 0.0005365288980949297,
    "median_rank10_11_score_gap": 0.00044474096039526234,
    "days_with_both_ranks": 6362,
    "days_gap_lt_0_005": 6362,
    "days_gap_lt_0_001": 6075
  }
}
