{
  "candidate_scheme_id": "price_volume_single_signal_alpha158_max60_v1",
  "research_round_id": "rr_price_volume_single_signal_discovery_v18_round11b_canonical_batch02_20260428",
  "as_of_date": "20260428",
  "coverage": {
    "ranking_eligible_rows": 15233701,
    "null_score_rows": 0,
    "null_score_share": 0.0,
    "scored_with_label_rows": 15022019
  },
  "ic_readout": {
    "full_sample_corr_ic": 0.01410499464399646,
    "avg_daily_ic": 0.025580245878866738,
    "median_daily_ic": 0.016193202543301848,
    "positive_daily_ic_share": 0.5436664044059796
  },
  "decile_monotonicity": {
    "1": 0.0060994783717783305,
    "2": 0.0047469748094113185,
    "3": 0.004208020284095574,
    "4": 0.0037847431209351626,
    "5": 0.003628143626083673,
    "6": 0.0035199617726196,
    "7": 0.00348992101324289,
    "8": 0.0035136395627193232,
    "9": 0.0034236548393190925,
    "10": 0.001695634708425825
  },
  "top_slice_readout": {
    "avg_label_top10": 0.0054630323808505365,
    "avg_label_rank11_20": 0.008156277045495664,
    "avg_label_bottom10": -0.0036955138987132758,
    "top10_minus_rank11_20": -0.002693244664645128,
    "top10_minus_bottom10": 0.009158546279563813
  },
  "cutoff_gap": {
    "avg_rank10_11_score_gap": 0.0005365288980949297,
    "median_rank10_11_score_gap": 0.00044474096039526234,
    "days_with_both_ranks": 6362,
    "days_gap_lt_0_005": 6362,
    "days_gap_lt_0_001": 6075
  }
}
