{
  "candidate_scheme_id": "price_volume_single_signal_alpha158_resi20_v1",
  "research_round_id": "rr_price_volume_single_signal_discovery_v18_round11b_canonical_batch02_20260428",
  "as_of_date": "20260428",
  "coverage": {
    "ranking_eligible_rows": 15233701,
    "null_score_rows": 0,
    "null_score_share": 0.0,
    "scored_with_label_rows": 15022019
  },
  "ic_readout": {
    "full_sample_corr_ic": 0.014631551216760281,
    "avg_daily_ic": 0.029235663233796623,
    "median_daily_ic": 0.02656708148427264,
    "positive_daily_ic_share": 0.5957513768686074
  },
  "decile_monotonicity": {
    "1": 0.004074929766037742,
    "2": 0.004342559748951898,
    "3": 0.004597818177868284,
    "4": 0.004643477983418946,
    "5": 0.004825794963924879,
    "6": 0.004755027993351214,
    "7": 0.004609242198617892,
    "8": 0.004002681031269365,
    "9": 0.0029002166810133353,
    "10": -0.0006421359585667362
  },
  "top_slice_readout": {
    "avg_label_top10": 0.001382072742292317,
    "avg_label_rank11_20": 0.005088810176055639,
    "avg_label_bottom10": -0.0022787748003137856,
    "top10_minus_rank11_20": -0.003706737433763322,
    "top10_minus_bottom10": 0.0036608475426061025
  },
  "cutoff_gap": {
    "avg_rank10_11_score_gap": 0.0005365288980949297,
    "median_rank10_11_score_gap": 0.00044474096039526234,
    "days_with_both_ranks": 6362,
    "days_gap_lt_0_005": 6362,
    "days_gap_lt_0_001": 6075
  }
}
