{
  "candidate_scheme_id": "price_volume_single_signal_alpha158_resi5_v1",
  "research_round_id": "rr_price_volume_single_signal_discovery_v18_round11b_canonical_batch02_20260428",
  "as_of_date": "20260428",
  "coverage": {
    "ranking_eligible_rows": 15233701,
    "null_score_rows": 0,
    "null_score_share": 0.0,
    "scored_with_label_rows": 15022019
  },
  "ic_readout": {
    "full_sample_corr_ic": 0.005820576996986185,
    "avg_daily_ic": 0.010060397952895928,
    "median_daily_ic": 0.011038669513852658,
    "positive_daily_ic_share": 0.5424075531077891
  },
  "decile_monotonicity": {
    "1": 0.0022023849675382825,
    "2": 0.00407691890523587,
    "3": 0.004548159858862538,
    "4": 0.004876731562179314,
    "5": 0.004943707147490927,
    "6": 0.004852579002103316,
    "7": 0.004632498603584603,
    "8": 0.0040977924115905015,
    "9": 0.0031491502759307764,
    "10": 0.0007365916457678528
  },
  "top_slice_readout": {
    "avg_label_top10": -0.0033835562238199225,
    "avg_label_rank11_20": -0.00013253413739283175,
    "avg_label_bottom10": -0.0018908253916871773,
    "top10_minus_rank11_20": -0.003251022086427091,
    "top10_minus_bottom10": -0.0014927308321327451
  },
  "cutoff_gap": {
    "avg_rank10_11_score_gap": 0.0005365288980949297,
    "median_rank10_11_score_gap": 0.00044474096039526234,
    "days_with_both_ranks": 6362,
    "days_gap_lt_0_005": 6362,
    "days_gap_lt_0_001": 6075
  }
}
