{
  "candidate_scheme_id": "price_volume_single_signal_alpha158_min20_v1",
  "research_round_id": "rr_price_volume_single_signal_discovery_v18_round11b_canonical_batch02_20260428",
  "as_of_date": "20260428",
  "coverage": {
    "ranking_eligible_rows": 15233701,
    "null_score_rows": 0,
    "null_score_share": 0.0,
    "scored_with_label_rows": 15022019
  },
  "ic_readout": {
    "full_sample_corr_ic": 0.004672930193004929,
    "avg_daily_ic": 0.009280532842480465,
    "median_daily_ic": 0.007816862287024079,
    "positive_daily_ic_share": 0.5276160503540519
  },
  "decile_monotonicity": {
    "1": 0.0019405763841640277,
    "2": 0.0036271496126266843,
    "3": 0.004394493122553275,
    "4": 0.004924606728160107,
    "5": 0.005170720402823265,
    "6": 0.005119124046166674,
    "7": 0.0049396641419488276,
    "8": 0.004421342216951324,
    "9": 0.0033207991707454015,
    "10": 0.0002591841775665408
  },
  "top_slice_readout": {
    "avg_label_top10": -0.0028018656714513097,
    "avg_label_rank11_20": 0.0003164188593599215,
    "avg_label_bottom10": -0.00028330998564445633,
    "top10_minus_rank11_20": -0.003118284530811231,
    "top10_minus_bottom10": -0.002518555685806853
  },
  "cutoff_gap": {
    "avg_rank10_11_score_gap": 0.0005365288980949297,
    "median_rank10_11_score_gap": 0.00044474096039526234,
    "days_with_both_ranks": 6362,
    "days_gap_lt_0_005": 6362,
    "days_gap_lt_0_001": 6075
  }
}
