{
  "candidate_scheme_id": "price_volume_single_signal_alpha158_rsqr10_v1",
  "research_round_id": "rr_price_volume_single_signal_discovery_v18_round11b_canonical_batch02_20260428",
  "as_of_date": "20260428",
  "coverage": {
    "ranking_eligible_rows": 15233701,
    "null_score_rows": 942,
    "null_score_share": 6.183658193107506e-05,
    "scored_with_label_rows": 15021085
  },
  "ic_readout": {
    "full_sample_corr_ic": 0.0041956727161994905,
    "avg_daily_ic": 0.006837847498422621,
    "median_daily_ic": 0.00993785709233313,
    "positive_daily_ic_share": 0.5525653131885426
  },
  "decile_monotonicity": {
    "1": 0.003877820244090906,
    "2": 0.004110539915066277,
    "3": 0.00407188773488834,
    "4": 0.004119773043782474,
    "5": 0.004075213626178347,
    "6": 0.003962214863475083,
    "7": 0.003853724807443984,
    "8": 0.0035870413665998963,
    "9": 0.003416418893784855,
    "10": 0.0030107851040029683
  },
  "top_slice_readout": {
    "avg_label_top10": 0.004447192631115363,
    "avg_label_rank11_20": 0.004304129041990999,
    "avg_label_bottom10": 0.002107202653535951,
    "top10_minus_rank11_20": 0.00014306358912436444,
    "top10_minus_bottom10": 0.002339989977579412
  },
  "cutoff_gap": {
    "avg_rank10_11_score_gap": 0.0005364469141833356,
    "median_rank10_11_score_gap": 0.0004446420631392112,
    "days_with_both_ranks": 6361,
    "days_gap_lt_0_005": 6361,
    "days_gap_lt_0_001": 6075
  }
}
