{
  "candidate_scheme_id": "price_volume_single_signal_alpha158_min30_v1",
  "research_round_id": "rr_price_volume_single_signal_discovery_v18_round11b_canonical_batch02_20260428",
  "as_of_date": "20260428",
  "coverage": {
    "ranking_eligible_rows": 15233701,
    "null_score_rows": 0,
    "null_score_share": 0.0,
    "scored_with_label_rows": 15022019
  },
  "ic_readout": {
    "full_sample_corr_ic": 0.004651205288239248,
    "avg_daily_ic": 0.00925870375720919,
    "median_daily_ic": 0.008120546495072992,
    "positive_daily_ic_share": 0.5260424862313139
  },
  "decile_monotonicity": {
    "1": 0.0017977909954377971,
    "2": 0.0036610737070508067,
    "3": 0.004523939995518917,
    "4": 0.004984223162849676,
    "5": 0.005240537013000099,
    "6": 0.005130641517190969,
    "7": 0.004860125287301113,
    "8": 0.004380541343058516,
    "9": 0.003184735999103612,
    "10": 0.00035397496862726787
  },
  "top_slice_readout": {
    "avg_label_top10": -0.003496609000401502,
    "avg_label_rank11_20": 0.00026572171571467954,
    "avg_label_bottom10": -0.0004426664002130377,
    "top10_minus_rank11_20": -0.0037623307161161815,
    "top10_minus_bottom10": -0.0030539426001884645
  },
  "cutoff_gap": {
    "avg_rank10_11_score_gap": 0.0005365288980949297,
    "median_rank10_11_score_gap": 0.00044474096039526234,
    "days_with_both_ranks": 6362,
    "days_gap_lt_0_005": 6362,
    "days_gap_lt_0_001": 6075
  }
}
