{
  "candidate_scheme_id": "price_volume_single_signal_overnight_gap_stability_20d_v1",
  "research_round_id": "rr_price_volume_single_signal_discovery_v18_round8_orthogonal_20260428",
  "as_of_date": "20260428",
  "coverage": {
    "ranking_eligible_rows": 15233701,
    "null_score_rows": 1814,
    "null_score_share": 0.00011907808877173053,
    "scored_with_label_rows": 15020218
  },
  "ic_readout": {
    "full_sample_corr_ic": -0.0071074165420407405,
    "avg_daily_ic": -0.008186955383803866,
    "median_daily_ic": -0.00866808500470445,
    "positive_daily_ic_share": 0.4673382653864316
  },
  "decile_monotonicity": {
    "1": 0.0017495576098737768,
    "2": 0.003378092006602889,
    "3": 0.0037880643886276572,
    "4": 0.003914866963367657,
    "5": 0.004198052761610048,
    "6": 0.00438749953916297,
    "7": 0.004418977555177995,
    "8": 0.004374749640782681,
    "9": 0.00428400349197192,
    "10": 0.003586759156138084
  },
  "top_slice_readout": {
    "avg_label_top10": 0.000490273518694384,
    "avg_label_rank11_20": 0.00042849641732507684,
    "avg_label_bottom10": 0.0030549730486085025,
    "top10_minus_rank11_20": 6.177710136930721e-05,
    "top10_minus_bottom10": -0.0025646995299141184
  },
  "cutoff_gap": {
    "avg_rank10_11_score_gap": 0.0005363505357940642,
    "median_rank10_11_score_gap": 0.0004446420631392112,
    "days_with_both_ranks": 6360,
    "days_gap_lt_0_005": 6360,
    "days_gap_lt_0_001": 6075
  }
}
