{
  "candidate_scheme_id": "price_volume_single_signal_overnight_intraday_consistency_20d_v1",
  "research_round_id": "rr_price_volume_single_signal_discovery_v18_round8_orthogonal_20260428",
  "as_of_date": "20260428",
  "coverage": {
    "ranking_eligible_rows": 15233701,
    "null_score_rows": 907,
    "null_score_share": 5.9539044385865264e-05,
    "scored_with_label_rows": 15021120
  },
  "ic_readout": {
    "full_sample_corr_ic": -0.006005512333303929,
    "avg_daily_ic": -0.00388569733356265,
    "median_daily_ic": -0.002666510864023127,
    "positive_daily_ic_share": 0.4800125904941769
  },
  "decile_monotonicity": {
    "1": 0.001741286879498525,
    "2": 0.003434341709030912,
    "3": 0.004031303784480166,
    "4": 0.004082287769555654,
    "5": 0.00433020395032894,
    "6": 0.004183131288054618,
    "7": 0.004300367773563622,
    "8": 0.004218702149697834,
    "9": 0.0042548475844924345,
    "10": 0.003517506374952756
  },
  "top_slice_readout": {
    "avg_label_top10": -0.0019811178535377354,
    "avg_label_rank11_20": 4.5538851506213816e-05,
    "avg_label_bottom10": 0.002712913605397485,
    "top10_minus_rank11_20": -0.0020266567050439494,
    "top10_minus_bottom10": -0.004694031458935221
  },
  "cutoff_gap": {
    "avg_rank10_11_score_gap": 0.0005364397328695746,
    "median_rank10_11_score_gap": 0.0004446420631392112,
    "days_with_both_ranks": 6361,
    "days_gap_lt_0_005": 6361,
    "days_gap_lt_0_001": 6075
  }
}
