{
  "candidate_scheme_id": "price_volume_single_signal_amount_entropy_20d_v1",
  "research_round_id": "rr_price_volume_single_signal_discovery_v18_round8_orthogonal_20260428",
  "as_of_date": "20260428",
  "coverage": {
    "ranking_eligible_rows": 15233701,
    "null_score_rows": 0,
    "null_score_share": 0.0,
    "scored_with_label_rows": 15022019
  },
  "ic_readout": {
    "full_sample_corr_ic": -0.019016042770542564,
    "avg_daily_ic": -0.030857793488039038,
    "median_daily_ic": -0.030351938889281095,
    "positive_daily_ic_share": 0.32462627852084974
  },
  "decile_monotonicity": {
    "1": 0.0006283090615566336,
    "2": 0.002574022602249053,
    "3": 0.0031003116957253737,
    "4": 0.0035625640976171694,
    "5": 0.003955799231365374,
    "6": 0.004291993304307933,
    "7": 0.004492330658417675,
    "8": 0.0050039596925824485,
    "9": 0.005079111647192911,
    "10": 0.0054482848169863625
  },
  "top_slice_readout": {
    "avg_label_top10": -0.005701811874220217,
    "avg_label_rank11_20": -0.0031851923510194794,
    "avg_label_bottom10": 0.005732241813712855,
    "top10_minus_rank11_20": -0.002516619523200738,
    "top10_minus_bottom10": -0.011434053687933071
  },
  "cutoff_gap": {
    "avg_rank10_11_score_gap": 0.0005365288980949297,
    "median_rank10_11_score_gap": 0.00044474096039526234,
    "days_with_both_ranks": 6362,
    "days_gap_lt_0_005": 6362,
    "days_gap_lt_0_001": 6075
  }
}
