{
  "as_of_date": "20260506",
  "run_id": "exploratory_overnight_intraday_decomposition_v1",
  "p98_median_ic": 0.04604476596399468,
  "candidates": [
    {
      "name": "p98 (reversal baseline)",
      "scheme_id": "reversal_tail_exclude_p98_v1",
      "family": "baseline",
      "diagnostic": {
        "coverage": {
          "eligible_rows": 10780956,
          "scored_with_label_rows": 10386410
        },
        "ic": {
          "mean_daily_ic": 0.04808009457138138,
          "median_daily_ic": 0.04604476596399468,
          "std_daily_ic": 0.1272319255982915,
          "n_days": 5322,
          "positive_daily_share": 0.6503194287861707,
          "median_daily_ic_95ci_low": 0.042275546906405996,
          "median_daily_ic_95ci_high": 0.049974457440643556
        },
        "decile_labels": {
          "1": 0.0060614589083871975,
          "2": 0.005810037075483274,
          "3": 0.005591472325341963,
          "4": 0.00544330798240865,
          "5": 0.005063272244603925,
          "6": 0.004795413681575546,
          "7": 0.00415988609493117,
          "8": 0.003371508221139163,
          "9": 0.001922782912372753,
          "10": -0.0007267107201424851
        },
        "top_slice": {
          "top10_avg_label": 0.007474216226600954,
          "bottom10_avg_label": 0.002689415974235512,
          "top10_minus_bottom10": 0.0047848002523654416
        }
      },
      "classification": "baseline"
    },
    {
      "name": "overnight_rev_5d_v1",
      "scheme_id": "overnight_rev_5d_v1",
      "family": "overnight_intraday",
      "diagnostic": {
        "coverage": {
          "eligible_rows": 10780956,
          "scored_with_label_rows": 10603660
        },
        "ic": {
          "mean_daily_ic": -0.01604817244007296,
          "median_daily_ic": -0.013647801187087596,
          "std_daily_ic": 0.06999868983843854,
          "n_days": 5326,
          "positive_daily_share": 0.40687194892977846,
          "median_daily_ic_95ci_low": -0.01601601805596483,
          "median_daily_ic_95ci_high": -0.011817440949136513
        },
        "decile_labels": {
          "1": 0.0023932527986078654,
          "2": 0.0036266298852849345,
          "3": 0.004108891535777493,
          "4": 0.004418448129544989,
          "5": 0.004586791294388317,
          "6": 0.004777995638170693,
          "7": 0.004883199559887968,
          "8": 0.0049201346144199356,
          "9": 0.004685011814466478,
          "10": 0.0028036843691593154
        },
        "top_slice": {
          "top10_avg_label": 0.004374598678795708,
          "bottom10_avg_label": -0.005147455747929018,
          "top10_minus_bottom10": 0.009522054426724727
        }
      },
      "p98_pairwise_corr": {
        "median_daily_corr": -0.18161708769669163,
        "n_days": 5322
      },
      "classification": "marginal",
      "p98_overlap": "low"
    },
    {
      "name": "intraday_rev_5d_v1",
      "scheme_id": "intraday_rev_5d_v1",
      "family": "overnight_intraday",
      "diagnostic": {
        "coverage": {
          "eligible_rows": 10780956,
          "scored_with_label_rows": 10604559
        },
        "ic": {
          "mean_daily_ic": -0.03917653575173689,
          "median_daily_ic": -0.03664122771119651,
          "std_daily_ic": 0.11663739718949868,
          "n_days": 5327,
          "positive_daily_share": 0.3632438520743383,
          "median_daily_ic_95ci_low": -0.040228897270222934,
          "median_daily_ic_95ci_high": -0.033580333925450005
        },
        "decile_labels": {
          "1": -0.0009346778551952926,
          "2": 0.0023386168564469823,
          "3": 0.0037921861295171114,
          "4": 0.004392762067910592,
          "5": 0.004797088184810518,
          "6": 0.005004345741387152,
          "7": 0.0052943806056883844,
          "8": 0.005409318382244965,
          "9": 0.00559117670467915,
          "10": 0.005583087652996745
        },
        "top_slice": {
          "top10_avg_label": -0.005403494836766418,
          "bottom10_avg_label": 0.00441726699298789,
          "top10_minus_bottom10": -0.009820761829754308
        }
      },
      "p98_pairwise_corr": {
        "median_daily_corr": -0.8580906254057179,
        "n_days": 5322
      },
      "classification": "threshold_met_ci_issues",
      "p98_overlap": "high"
    },
    {
      "name": "overnight_rev_20d_v1",
      "scheme_id": "overnight_rev_20d_v1",
      "family": "overnight_intraday",
      "diagnostic": {
        "coverage": {
          "eligible_rows": 10780956,
          "scored_with_label_rows": 10603660
        },
        "ic": {
          "mean_daily_ic": -0.014386432371263474,
          "median_daily_ic": -0.012454157237661674,
          "std_daily_ic": 0.07699576394691118,
          "n_days": 5326,
          "positive_daily_share": 0.4280886218550507,
          "median_daily_ic_95ci_low": -0.01479870658659793,
          "median_daily_ic_95ci_high": -0.010163510803717671
        },
        "decile_labels": {
          "1": 0.002661296244250825,
          "2": 0.0035043572498671027,
          "3": 0.004159786429694663,
          "4": 0.004304380016228356,
          "5": 0.004527769722134362,
          "6": 0.00473133340037436,
          "7": 0.00465812957555516,
          "8": 0.0047273414152531916,
          "9": 0.004547594027269612,
          "10": 0.003382332589119568
        },
        "top_slice": {
          "top10_avg_label": 0.0023211876386353965,
          "bottom10_avg_label": -0.0006863568107857482,
          "top10_minus_bottom10": 0.0030075444494211444
        }
      },
      "p98_pairwise_corr": {
        "median_daily_corr": -0.08370700731847627,
        "n_days": 5322
      },
      "classification": "marginal",
      "p98_overlap": "low"
    },
    {
      "name": "intraday_rev_20d_v1",
      "scheme_id": "intraday_rev_20d_v1",
      "family": "overnight_intraday",
      "diagnostic": {
        "coverage": {
          "eligible_rows": 10780956,
          "scored_with_label_rows": 10604559
        },
        "ic": {
          "mean_daily_ic": -0.01929082233339839,
          "median_daily_ic": -0.016211751726986363,
          "std_daily_ic": 0.1281360274051521,
          "n_days": 5327,
          "positive_daily_share": 0.44640510606345035,
          "median_daily_ic_95ci_low": -0.020350422752731367,
          "median_daily_ic_95ci_high": -0.012333038876370318
        },
        "decile_labels": {
          "1": 0.0008659079256304037,
          "2": 0.003270372659871511,
          "3": 0.004031247941100615,
          "4": 0.00448745307762674,
          "5": 0.004696542522454774,
          "6": 0.004709469064637153,
          "7": 0.004770453529383119,
          "8": 0.004737868467345098,
          "9": 0.004696811851618691,
          "10": 0.004991911336830695
        },
        "top_slice": {
          "top10_avg_label": -0.0021482672993005094,
          "bottom10_avg_label": 0.006494158601254518,
          "top10_minus_bottom10": -0.008642425900555029
        }
      },
      "p98_pairwise_corr": {
        "median_daily_corr": -0.351548715454552,
        "n_days": 5322
      },
      "classification": "marginal",
      "p98_overlap": "low"
    },
    {
      "name": "overnight_vol_5d_v1",
      "scheme_id": "overnight_vol_5d_v1",
      "family": "overnight_intraday",
      "diagnostic": {
        "coverage": {
          "eligible_rows": 10780956,
          "scored_with_label_rows": 10602758
        },
        "ic": {
          "mean_daily_ic": 0.007469707514969426,
          "median_daily_ic": 0.008257803189066883,
          "std_daily_ic": 0.1134714125609008,
          "n_days": 5325,
          "positive_daily_share": 0.5318309859154929,
          "median_daily_ic_95ci_low": 0.00493699447002887,
          "median_daily_ic_95ci_high": 0.012010493823611591
        },
        "decile_labels": {
          "1": 0.003978630170340718,
          "2": 0.00464713881619547,
          "3": 0.004648581344857092,
          "4": 0.0047024073461825015,