{
  "as_of_date": "20260506",
  "research_round_id": "rr_exploratory_reversal_cord30_composite_20260502",
  "cross_signal_rank_corr": 0.11287261571769054,
  "primary_baseline": {
    "name": "p98 tail-handled reversal",
    "median_daily_ic": 0.045971341723711825,
    "median_ci": [
      0.042188410869154834,
      0.04988771298394822
    ],
    "top10_avg_label": 0.007624616784893473,
    "top10_bot10_spread": 0.004935200810657959,
    "target_ic": 0.0459,
    "target_spread": 0.0049
  },
  "secondary_reference": {
    "name": "cord30",
    "median_daily_ic": 0.03249983038664911,
    "median_ci": [
      0.029996160102416347,
      0.03461338063771368
    ],
    "top10_avg_label": 0.0075803522775418205,
    "top10_bot10_spread": 0.009775397815736185,
    "aspirational_spread": 0.0098
  },
  "candidate": {
    "candidate_scheme_id": "reversal_p98_cord30_ew_v1",
    "metrics": {
      "full_sample_corr": 0.032107255218712716,
      "mean_daily_ic": 0.05679850590699939,
      "median_daily_ic": 0.05447184725594031,
      "std_daily_ic": 0.11252266492259781,
      "n_days": 5322,
      "positive_daily_share": 0.6956031567080045,
      "median_ci_low": 0.050753819169046685,
      "median_ci_high": 0.0579666535683373,
      "mean_ci_low": 0.053702789417542605,
      "mean_ci_high": 0.05977525977509203,
      "top10_avg_label": 0.009726154746954253,
      "bottom10_avg_label": -0.00412528810828933,
      "top10_bot10_spread": 0.013851442855243583,
      "decile_labels": {
        "1": 0.007258969381234853,
        "2": 0.006333421738028906,
        "3": 0.005811949583501527,
        "4": 0.005301425272888934,
        "5": 0.00477884832080253,
        "6": 0.004176515070646088,
        "7": 0.003751642421427569,
        "8": 0.00306497562746831,
        "9": 0.0017259392303715028,
        "10": -0.0006964475445350943
      }
    },
    "deltas_vs_primary": {
      "delta_median_ic": 0.008500505532228482,
      "delta_spread": 0.008916242044585625,
      "delta_top10_label": 0.0021015379620607797
    },
    "evaluation": {
      "ic_ge_0040": true,
      "ic_gt_p98": true,
      "top10_gt_0": true,
      "spread_gt_p98": true,
      "all_pass": true
    }
  },
  "verdict": "pass"
}
