{
  "generated_at": "2026-05-06T12:58:15+08:00",
  "baseline_p98": {
    "median_daily_ic": 0.045971341723711825,
    "mean_daily_ic": 0.04805847333569949,
    "n_days": 5322,
    "top10_avg_label": 0.007624616784893476,
    "bot10_avg_label": 0.002689415974235518,
    "top10_bot10_spread": 0.004935200810657958,
    "top10_avg_liquidity_rank": 0.6214218329107236,
    "scored_rows": 10385425
  },
  "screen_results": [
    {
      "median_daily_ic": 0.045965338637641656,
      "mean_daily_ic": 0.04805973763004823,
      "n_days": 5322,
      "top10_avg_label": 0.0076246167848934695,
      "bot10_avg_label": 0.002689415974235513,
      "top10_bot10_spread": 0.004935200810657956,
      "top10_avg_liquidity_rank": 0.6214218329107233,
      "scored_rows": 10385425,
      "partner_col": "reversal_followthrough_rank",
      "partner_weight": 0.1,
      "reversal_weight": 0.9,
      "avg_daily_corr_with_p98": 0.9999831100062259,
      "median_daily_corr_with_p98": 0.9999923011508274
    },
    {
      "median_daily_ic": 0.045959306462141435,
      "mean_daily_ic": 0.04806099459098915,
      "n_days": 5322,
      "top10_avg_label": 0.007624616784893474,
      "bot10_avg_label": 0.0026894159742355166,
      "top10_bot10_spread": 0.004935200810657957,
      "top10_avg_liquidity_rank": 0.6214218329107232,
      "scored_rows": 10385425,
      "partner_col": "reversal_followthrough_rank",
      "partner_weight": 0.2,
      "reversal_weight": 0.8,
      "avg_daily_corr_with_p98": 0.9999831100062259,
      "median_daily_corr_with_p98": 0.9999923011508274
    },
    {
      "median_daily_ic": 0.046363841646689774,
      "mean_daily_ic": 0.04844555608317084,
      "n_days": 5322,
      "top10_avg_label": 0.00849113715078123,
      "bot10_avg_label": -0.003596960760137373,
      "top10_bot10_spread": 0.012088097910918603,
      "top10_avg_liquidity_rank": 0.6455114212137824,
      "scored_rows": 10385115,
      "partner_col": "intraday_reversal_asymmetry_rank",
      "partner_weight": 0.1,
      "reversal_weight": 0.9,
      "avg_daily_corr_with_p98": 0.054841346399494104,
      "median_daily_corr_with_p98": 0.05727005853021754
    },
    {
      "median_daily_ic": 0.04634721054628343,
      "mean_daily_ic": 0.048059620392022766,
      "n_days": 5322,
      "top10_avg_label": 0.00825841520464781,
      "bot10_avg_label": -0.00409057078399629,
      "top10_bot10_spread": 0.0123489859886441,
      "top10_avg_liquidity_rank": 0.6401572134238065,
      "scored_rows": 10385115,
      "partner_col": "intraday_reversal_asymmetry_rank",
      "partner_weight": 0.2,
      "reversal_weight": 0.8,
      "avg_daily_corr_with_p98": 0.054841346399494104,
      "median_daily_corr_with_p98": 0.05727005853021754
    },
    {
      "median_daily_ic": 0.04580066409571612,
      "mean_daily_ic": 0.04778558882161502,
      "n_days": 5322,
      "top10_avg_label": 0.007729959259978296,
      "bot10_avg_label": -0.0028741408914473104,
      "top10_bot10_spread": 0.010604100151425606,
      "top10_avg_liquidity_rank": 0.5686284345880976,
      "scored_rows": 10385357,
      "partner_col": "upside_range_share_rank",
      "partner_weight": 0.1,
      "reversal_weight": 0.9,
      "avg_daily_corr_with_p98": 0.32972704748833015,
      "median_daily_corr_with_p98": 0.3340466052467822
    },
    {
      "median_daily_ic": 0.04548618563046422,
      "mean_daily_ic": 0.046863777793323055,
      "n_days": 5322,
      "top10_avg_label": 0.007733661152031131,
      "bot10_avg_label": -0.0033849925282397344,
      "top10_bot10_spread": 0.011118653680270865,
      "top10_avg_liquidity_rank": 0.559256089631182,
      "scored_rows": 10385357,
      "partner_col": "upside_range_share_rank",
      "partner_weight": 0.2,
      "reversal_weight": 0.8,
      "avg_daily_corr_with_p98": 0.32972704748833015,
      "median_daily_corr_with_p98": 0.3340466052467822
    },
    {
      "median_daily_ic": 0.045715983170603075,
      "mean_daily_ic": 0.04796129111142183,
      "n_days": 5322,
      "top10_avg_label": 0.008130440177112612,
      "bot10_avg_label": -0.00424732714553074,
      "top10_bot10_spread": 0.01237776732264335,
      "top10_avg_liquidity_rank": 0.595271742792034,
      "scored_rows": 10385425,
      "partner_col": "intraday_trend_bias_rank",
      "partner_weight": 0.1,
      "reversal_weight": 0.9,
      "avg_daily_corr_with_p98": 0.34668513597004874,
      "median_daily_corr_with_p98": 0.3511604796309287
    },
    {
      "median_daily_ic": 0.04631078166232795,
      "mean_daily_ic": 0.047337242144511356,
      "n_days": 5322,
      "top10_avg_label": 0.008243841690040199,
      "bot10_avg_label": -0.004364492200193593,
      "top10_bot10_spread": 0.012608333890233792,
      "top10_avg_liquidity_rank": 0.5963401786492895,
      "scored_rows": 10385425,
      "partner_col": "intraday_trend_bias_rank",
      "partner_weight": 0.2,
      "reversal_weight": 0.8,
      "avg_daily_corr_with_p98": 0.34668513597004874,
      "median_daily_corr_with_p98": 0.3511604796309287
    },
    {
      "median_daily_ic": 0.047800768741410433,
      "mean_daily_ic": 0.04956880915937821,
      "n_days": 5322,
      "top10_avg_label": 0.0082667464570613,
      "bot10_avg_label": -0.0037911092662712394,
      "top10_bot10_spread": 0.012057855723332539,
      "top10_avg_liquidity_rank": 0.5214650646461562,
      "scored_rows": 10385425,
      "partner_col": "liquidity_trend_rank",
      "partner_weight": 0.1,
      "reversal_weight": 0.9,
      "avg_daily_corr_with_p98": 0.06074401397767802,
      "median_daily_corr_with_p98": 0.058384214125626124
    },
    {
      "median_daily_ic": 0.04872505866728198,
      "mean_daily_ic": 0.05062661126429081,
      "n_days": 5322,
      "top10_avg_label": 0.008578880290296664,
      "bot10_avg_label": -0.004206637757425448,
      "top10_bot10_spread": 0.012785518047722112,
      "top10_avg_liquidity_rank": 0.504504819632774,
      "scored_rows": 10385425,
      "partner_col": "liquidity_trend_rank",
      "partner_weight": 0.2,
      "reversal_weight": 0.8,
      "avg_daily_corr_with_p98": 0.06074401397767802,
      "median_daily_corr_with_p98": 0.058384214125626124
    }
  ],
  "preferred_followup": {
    "median_daily_ic": 0.04634721054628343,
    "mean_daily_ic": 0.048059620392022766,
    "n_days": 5322,
    "top10_avg_label": 0.00825841520464781,
    "bot10_avg_label": -0.00409057078399629,
    "top10_bot10_spread": 0.0123489859886441,
    "top10_avg_liquidity_rank": 0.6401572134238065,
    "scored_rows": 10385115,
    "partner_col": "intraday_reversal_asymmetry_rank",
    "partner_weight": 0.2,
    "reversal_weight": 0.8,
    "avg_daily_corr_with_p98": 0.054841346399494104,
    "median_daily_corr_with_p98": 0.05727005853021754
  }
}
