{
  "threshold": -0.1,
  "scaling": 0.5,
  "avg_buffer_active": 0.24629525417370088,
  "adj_total_return": 525.5085187179372,
  "adj_ann_return": 0.34475350971480245,
  "adj_ann_rel_return": 0.24803254250842577,
  "adj_sharpe": 1.3371933515996561,
  "adj_max_dd": -0.40816917120807383,
  "baseline_total_return": 987.3450400003744,
  "baseline_ann_return": 0.38538782992235876,
  "baseline_ann_rel_return": 0.2881722304035179,
  "baseline_sharpe": 1.1962351041605561,
  "baseline_max_dd": -0.5536570534907573
}