{
  "candidate_scheme_id": "price_volume_single_signal_signed_dollar_flow_persistence_20d_v1",
  "research_round_id": "rr_price_volume_single_signal_discovery_v18_round10_alpha158_paper_whitelist_20260428",
  "as_of_date": "20260428",
  "coverage": {
    "ranking_eligible_rows": 15233701,
    "null_score_rows": 907,
    "null_score_share": 5.9539044385865264e-05,
    "scored_with_label_rows": 15021120
  },
  "ic_readout": {
    "full_sample_corr_ic": -0.0031564908741999608,
    "avg_daily_ic": -0.005081639928804549,
    "median_daily_ic": -0.004497056426121665,
    "positive_daily_ic_share": 0.45577588920365125
  },
  "decile_monotonicity": {
    "1": 0.002868532499628741,
    "2": 0.003495518499582256,
    "3": 0.0037598090511862816,
    "4": 0.0039363389498386255,
    "5": 0.0040197972747557575,
    "6": 0.00414564299491907,
    "7": 0.004143670105480031,
    "8": 0.004180238198797487,
    "9": 0.004075045860444358,
    "10": 0.0034671067976243656
  },
  "top_slice_readout": {
    "avg_label_top10": 0.0005995960183023633,
    "avg_label_rank11_20": 0.0019264383291437972,
    "avg_label_bottom10": -0.00044598362586175684,
    "top10_minus_rank11_20": -0.001326842310841434,
    "top10_minus_bottom10": 0.00104557964416412
  },
  "cutoff_gap": {
    "avg_rank10_11_score_gap": 0.0005364397328695746,
    "median_rank10_11_score_gap": 0.0004446420631392112,
    "days_with_both_ranks": 6361,
    "days_gap_lt_0_005": 6361,
    "days_gap_lt_0_001": 6075
  }
}
