{
  "candidate_scheme_id": "price_volume_single_signal_gap_reversal_intensity_20d_v1",
  "research_round_id": "rr_price_volume_single_signal_discovery_v18_round10_alpha158_paper_whitelist_20260428",
  "as_of_date": "20260428",
  "coverage": {
    "ranking_eligible_rows": 15233701,
    "null_score_rows": 1276,
    "null_score_share": 8.376165450536282e-05,
    "scored_with_label_rows": 15020751
  },
  "ic_readout": {
    "full_sample_corr_ic": 0.0010936857107383107,
    "avg_daily_ic": 0.0009236892101219522,
    "median_daily_ic": -0.001355296661535374,
    "positive_daily_ic_share": 0.49338999055712934
  },
  "decile_monotonicity": {
    "1": 0.0035404504460568517,
    "2": 0.0038576647817782847,
    "3": 0.003962403845350272,
    "4": 0.004020255191358364,
    "5": 0.003986654095478022,
    "6": 0.0039481834793690645,
    "7": 0.003898844884281057,
    "8": 0.003827428642580036,
    "9": 0.003790301049034387,
    "10": 0.0032527194642962645
  },
  "top_slice_readout": {
    "avg_label_top10": 0.002917179918861693,
    "avg_label_rank11_20": 0.003674635110946233,
    "avg_label_bottom10": 0.003213240487256764,
    "top10_minus_rank11_20": -0.0007574551920845399,
    "top10_minus_bottom10": -0.0002960605683950709
  },
  "cutoff_gap": {
    "avg_rank10_11_score_gap": 0.0005365144318212685,
    "median_rank10_11_score_gap": 0.0004446420631392112,
    "days_with_both_ranks": 6361,
    "days_gap_lt_0_005": 6361,
    "days_gap_lt_0_001": 6075
  }
}
