{
  "candidate_scheme_id": "price_volume_single_signal_volume_price_synchronicity_20d_v1",
  "research_round_id": "rr_price_volume_single_signal_discovery_v18_round5_20260425",
  "as_of_date": "20260425",
  "coverage": {
    "ranking_eligible_rows": 15233701,
    "null_score_rows": 907,
    "null_score_share": 5.9539044385865264e-05,
    "scored_with_label_rows": 15021120
  },
  "ic_readout": {
    "full_sample_corr_ic": 0.01666107975975777,
    "avg_daily_ic": 0.0299661139051484,
    "median_daily_ic": 0.027630561932980503,
    "positive_daily_ic_share": 0.6367642429965377
  },
  "decile_monotonicity": {
    "1": 0.0053054917782386565,
    "2": 0.004883071107346084,
    "3": 0.004720087171651112,
    "4": 0.00437431724963112,
    "5": 0.004273405575884745,
    "6": 0.003997359962886922,
    "7": 0.0036946904696567306,
    "8": 0.0031942865314505977,
    "9": 0.0026521579955461343,
    "10": 0.0009807832874384511
  },
  "top_slice_readout": {
    "avg_label_top10": 0.007764347893009496,
    "avg_label_rank11_20": 0.006708834568243159,
    "avg_label_bottom10": -0.0016143811656466908,
    "top10_minus_rank11_20": 0.0010555133247663372,
    "top10_minus_bottom10": 0.009378729058656186
  },
  "cutoff_gap": {
    "avg_rank10_11_score_gap": 0.0005364397328695746,
    "median_rank10_11_score_gap": 0.0004446420631392112,
    "days_with_both_ranks": 6361,
    "days_gap_lt_0_005": 6361,
    "days_gap_lt_0_001": 6075
  }
}
