{
  "candidate_scheme_id": "price_volume_single_signal_up_amount_persistence_20d_v1",
  "research_round_id": "rr_price_volume_single_signal_discovery_v18_round5_20260425",
  "as_of_date": "20260425",
  "coverage": {
    "ranking_eligible_rows": 15233701,
    "null_score_rows": 0,
    "null_score_share": 0.0,
    "scored_with_label_rows": 15022019
  },
  "ic_readout": {
    "full_sample_corr_ic": 0.009374022500886993,
    "avg_daily_ic": 0.013587209870727162,
    "median_daily_ic": 0.012384796265568408,
    "positive_daily_ic_share": 0.5491738788355626
  },
  "decile_monotonicity": {
    "1": 0.004707797819039567,
    "2": 0.004197635005829102,
    "3": 0.004276847049745723,
    "4": 0.003995084861361948,
    "5": 0.004178562017333885,
    "6": 0.00400480206432053,
    "7": 0.0038779152206923745,
    "8": 0.003852732720265784,
    "9": 0.003412937386240826,
    "10": 0.0016094562571515173
  },
  "top_slice_readout": {
    "avg_label_top10": 0.006376701628353629,
    "avg_label_rank11_20": 0.005612870648944578,
    "avg_label_bottom10": -0.0005455365741540362,
    "top10_minus_rank11_20": 0.0007638309794090513,
    "top10_minus_bottom10": 0.006922238202507665
  },
  "cutoff_gap": {
    "avg_rank10_11_score_gap": 0.0005365288980949297,
    "median_rank10_11_score_gap": 0.00044474096039526234,
    "days_with_both_ranks": 6362,
    "days_gap_lt_0_005": 6362,
    "days_gap_lt_0_001": 6075
  }
}
