{
  "candidate_scheme_id": "price_volume_single_signal_turnover_acceleration_5_20_v1",
  "research_round_id": "rr_price_volume_single_signal_discovery_v18_round5_20260425",
  "as_of_date": "20260425",
  "coverage": {
    "ranking_eligible_rows": 15233701,
    "null_score_rows": 0,
    "null_score_share": 0.0,
    "scored_with_label_rows": 15022019
  },
  "ic_readout": {
    "full_sample_corr_ic": 0.0063151940256665606,
    "avg_daily_ic": 0.011074698288562229,
    "median_daily_ic": 0.013888121284553006,
    "positive_daily_ic_share": 0.5611329661683714
  },
  "decile_monotonicity": {
    "1": 0.0031892456083556712,
    "2": 0.003797584619617567,
    "3": 0.00415101610510361,
    "4": 0.004413946636516971,
    "5": 0.004673626885928314,
    "6": 0.00474602473110176,
    "7": 0.004695974470150747,
    "8": 0.00448399295493344,
    "9": 0.003623661714126164,
    "10": 0.0003411103082085312
  },
  "top_slice_readout": {
    "avg_label_top10": 0.0028164151421286167,
    "avg_label_rank11_20": 0.0023742105869113297,
    "avg_label_bottom10": -0.006457342757264979,
    "top10_minus_rank11_20": 0.00044220455521728694,
    "top10_minus_bottom10": 0.009273757899393595
  },
  "cutoff_gap": {
    "avg_rank10_11_score_gap": 0.0005365288980949296,
    "median_rank10_11_score_gap": 0.00044474096039526234,
    "days_with_both_ranks": 6362,
    "days_gap_lt_0_005": 6362,
    "days_gap_lt_0_001": 6075
  }
}
