{
  "threshold": -0.2,
  "scaling": 0.5,
  "avg_buffer_active": 0.053836053273307094,
  "adj_total_return": 756.952764920721,
  "adj_ann_return": 0.3681151270230665,
  "adj_ann_rel_return": 0.2694645264974542,
  "adj_sharpe": 1.235035136474249,
  "adj_max_dd": -0.46604970031607484,
  "baseline_total_return": 987.3450400003744,
  "baseline_ann_return": 0.38538782992235876,
  "baseline_ann_rel_return": 0.2881722304035179,
  "baseline_sharpe": 1.1962351041605561,
  "baseline_max_dd": -0.5536570534907573
}