{
  "candidate_scheme_id": "price_volume_single_signal_alpha158_cntn60_v1",
  "research_round_id": "rr_price_volume_single_signal_discovery_v18_round11b_canonical_batch04_20260428",
  "as_of_date": "20260428",
  "coverage": {
    "ranking_eligible_rows": 15233701,
    "null_score_rows": 0,
    "null_score_share": 0.0,
    "scored_with_label_rows": 15022019
  },
  "ic_readout": {
    "full_sample_corr_ic": 0.0024164457768741173,
    "avg_daily_ic": 0.0031109498064183167,
    "median_daily_ic": 0.00033659437754157847,
    "positive_daily_ic_share": 0.5008654602675059
  },
  "decile_monotonicity": {
    "1": 0.003879284900003396,
    "2": 0.0040116113784961485,
    "3": 0.003921857659582848,
    "4": 0.003935062034129069,
    "5": 0.003925650949142903,
    "6": 0.003878118732517897,
    "7": 0.0038858276835362854,
    "8": 0.0037905000336566743,
    "9": 0.00374004878420282,
    "10": 0.0031514139774066288
  },
  "top_slice_readout": {
    "avg_label_top10": 0.0037215367558605665,
    "avg_label_rank11_20": 0.003881589835702952,
    "avg_label_bottom10": 0.0031979101071917624,
    "top10_minus_rank11_20": -0.00016005307984238559,
    "top10_minus_bottom10": 0.0005236266486688041
  },
  "cutoff_gap": {
    "avg_rank10_11_score_gap": 0.0005365288980949297,
    "median_rank10_11_score_gap": 0.00044474096039526234,
    "days_with_both_ranks": 6362,
    "days_gap_lt_0_005": 6362,
    "days_gap_lt_0_001": 6075
  }
}
