{
  "candidate_scheme_id": "price_volume_single_signal_alpha158_sump20_v1",
  "research_round_id": "rr_price_volume_single_signal_discovery_v18_round11b_canonical_batch04_20260428",
  "as_of_date": "20260428",
  "coverage": {
    "ranking_eligible_rows": 15233701,
    "null_score_rows": 907,
    "null_score_share": 5.9539044385865264e-05,
    "scored_with_label_rows": 15021120
  },
  "ic_readout": {
    "full_sample_corr_ic": 0.01176992231861449,
    "avg_daily_ic": 0.0203954399916389,
    "median_daily_ic": 0.016713073136372523,
    "positive_daily_ic_share": 0.5547686496694996
  },
  "decile_monotonicity": {
    "1": 0.004112615240854517,
    "2": 0.004372729715947483,
    "3": 0.00443541708047177,
    "4": 0.0046403203291906355,
    "5": 0.004523548820226185,
    "6": 0.004403344463526503,
    "7": 0.004195352465975609,
    "8": 0.0037366865146836238,
    "9": 0.002775393108726676,
    "10": 0.0008842506578695693
  },
  "top_slice_readout": {
    "avg_label_top10": 0.002131743221827053,
    "avg_label_rank11_20": 0.004424733912861947,
    "avg_label_bottom10": -2.6778786483187187e-05,
    "top10_minus_rank11_20": -0.0022929906910348938,
    "top10_minus_bottom10": 0.00215852200831024
  },
  "cutoff_gap": {
    "avg_rank10_11_score_gap": 0.0005364397328695746,
    "median_rank10_11_score_gap": 0.0004446420631392112,
    "days_with_both_ranks": 6361,
    "days_gap_lt_0_005": 6361,
    "days_gap_lt_0_001": 6075
  }
}
