{
  "candidate_scheme_id": "price_volume_single_signal_alpha158_sump60_v1",
  "research_round_id": "rr_price_volume_single_signal_discovery_v18_round11b_canonical_batch04_20260428",
  "as_of_date": "20260428",
  "coverage": {
    "ranking_eligible_rows": 15233701,
    "null_score_rows": 907,
    "null_score_share": 5.9539044385865264e-05,
    "scored_with_label_rows": 15021120
  },
  "ic_readout": {
    "full_sample_corr_ic": 0.013597287993687627,
    "avg_daily_ic": 0.021191573592626207,
    "median_daily_ic": 0.018818959435635517,
    "positive_daily_ic_share": 0.559647466163047
  },
  "decile_monotonicity": {
    "1": 0.00496877716889897,
    "2": 0.004738793656108698,
    "3": 0.004497978498053941,
    "4": 0.0043075748006680264,
    "5": 0.004157460500158716,
    "6": 0.0040491872077500395,
    "7": 0.0038100647124760887,
    "8": 0.0034555857583200076,
    "9": 0.002707671313572554,
    "10": 0.001384896990879234
  },
  "top_slice_readout": {
    "avg_label_top10": 0.004384491039000963,
    "avg_label_rank11_20": 0.005588580726580956,
    "avg_label_bottom10": 0.0008295433959876302,
    "top10_minus_rank11_20": -0.0012040896875799931,
    "top10_minus_bottom10": 0.003554947643013333
  },
  "cutoff_gap": {
    "avg_rank10_11_score_gap": 0.0005364397328695746,
    "median_rank10_11_score_gap": 0.0004446420631392112,
    "days_with_both_ranks": 6361,
    "days_gap_lt_0_005": 6361,
    "days_gap_lt_0_001": 6075
  }
}
