{
  "candidate_scheme_id": "price_volume_single_signal_alpha158_cntd20_v1",
  "research_round_id": "rr_price_volume_single_signal_discovery_v18_round11b_canonical_batch04_20260428",
  "as_of_date": "20260428",
  "coverage": {
    "ranking_eligible_rows": 15233701,
    "null_score_rows": 0,
    "null_score_share": 0.0,
    "scored_with_label_rows": 15022019
  },
  "ic_readout": {
    "full_sample_corr_ic": 0.002722119302236729,
    "avg_daily_ic": 0.005351318623383192,
    "median_daily_ic": 0.0012787768084329915,
    "positive_daily_ic_share": 0.5060582218725413
  },
  "decile_monotonicity": {
    "1": 0.00351709901804621,
    "2": 0.003897181584313107,
    "3": 0.00408973032225653,
    "4": 0.004023877891203647,
    "5": 0.004131804350294893,
    "6": 0.004102939482513762,
    "7": 0.004135470396821658,
    "8": 0.0038429977388687005,
    "9": 0.0037619027124866427,
    "10": 0.0026162176192212295
  },
  "top_slice_readout": {
    "avg_label_top10": 0.0019478632531913641,
    "avg_label_rank11_20": 0.0036955534971073595,
    "avg_label_bottom10": 0.0023254859781365127,
    "top10_minus_rank11_20": -0.0017476902439159954,
    "top10_minus_bottom10": -0.0003776227249451486
  },
  "cutoff_gap": {
    "avg_rank10_11_score_gap": 0.0005365288980949297,
    "median_rank10_11_score_gap": 0.00044474096039526234,
    "days_with_both_ranks": 6362,
    "days_gap_lt_0_005": 6362,
    "days_gap_lt_0_001": 6075
  }
}
