{
  "candidate_scheme_id": "price_volume_single_signal_alpha158_cntn10_v1",
  "research_round_id": "rr_price_volume_single_signal_discovery_v18_round11b_canonical_batch04_20260428",
  "as_of_date": "20260428",
  "coverage": {
    "ranking_eligible_rows": 15233701,
    "null_score_rows": 0,
    "null_score_share": 0.0,
    "scored_with_label_rows": 15022019
  },
  "ic_readout": {
    "full_sample_corr_ic": 0.0022392011024452607,
    "avg_daily_ic": 0.00466221274865551,
    "median_daily_ic": 0.0018932222408339348,
    "positive_daily_ic_share": 0.5085759244689221
  },
  "decile_monotonicity": {
    "1": 0.0031414182214699283,
    "2": 0.003987911920913668,
    "3": 0.004038554423743279,
    "4": 0.004297553784215419,
    "5": 0.004026022236257621,
    "6": 0.0042813318212216395,
    "7": 0.004270724480185593,
    "8": 0.0037591050692557613,
    "9": 0.003777165519936975,
    "10": 0.002539825039443016
  },
  "top_slice_readout": {
    "avg_label_top10": 0.00021831491059005447,
    "avg_label_rank11_20": 0.0026079655918427986,
    "avg_label_bottom10": 0.0017306751852658978,
    "top10_minus_rank11_20": -0.002389650681252744,
    "top10_minus_bottom10": -0.0015123602746758432
  },
  "cutoff_gap": {
    "avg_rank10_11_score_gap": 0.0005365288980949297,
    "median_rank10_11_score_gap": 0.00044474096039526234,
    "days_with_both_ranks": 6362,
    "days_gap_lt_0_005": 6362,
    "days_gap_lt_0_001": 6075
  }
}
