{
  "candidate_scheme_id": "price_volume_single_signal_alpha158_cord10_v1",
  "research_round_id": "rr_price_volume_single_signal_discovery_v18_round11b_canonical_batch04_20260428",
  "as_of_date": "20260428",
  "coverage": {
    "ranking_eligible_rows": 15233701,
    "null_score_rows": 1822,
    "null_score_share": 0.00011960324021063562,
    "scored_with_label_rows": 15020211
  },
  "ic_readout": {
    "full_sample_corr_ic": 0.013112539786301735,
    "avg_daily_ic": 0.024032816187255692,
    "median_daily_ic": 0.023890670517008807,
    "positive_daily_ic_share": 0.623957185581615
  },
  "decile_monotonicity": {
    "1": 0.0047309140162329925,
    "2": 0.004618413715471724,
    "3": 0.004565183888685332,
    "4": 0.004428012560811868,
    "5": 0.0043020021418341495,
    "6": 0.004039967823618403,
    "7": 0.003790192078916858,
    "8": 0.003435872758820472,
    "9": 0.002854517493325438,
    "10": 0.001298605255269569
  },
  "top_slice_readout": {
    "avg_label_top10": 0.005905718445780792,
    "avg_label_rank11_20": 0.0057797530162391475,
    "avg_label_bottom10": -0.0016281207298930284,
    "top10_minus_rank11_20": 0.0001259654295416449,
    "top10_minus_bottom10": 0.007533839175673821
  },
  "cutoff_gap": {
    "avg_rank10_11_score_gap": 0.0005363510959447416,
    "median_rank10_11_score_gap": 0.00044474096039526234,
    "days_with_both_ranks": 6360,
    "days_gap_lt_0_005": 6360,
    "days_gap_lt_0_001": 6075
  }
}
