{
  "candidate_scheme_id": "price_volume_single_signal_alpha158_cntn30_v1",
  "research_round_id": "rr_price_volume_single_signal_discovery_v18_round11b_canonical_batch04_20260428",
  "as_of_date": "20260428",
  "coverage": {
    "ranking_eligible_rows": 15233701,
    "null_score_rows": 0,
    "null_score_share": 0.0,
    "scored_with_label_rows": 15022019
  },
  "ic_readout": {
    "full_sample_corr_ic": 0.004020360781406978,
    "avg_daily_ic": 0.007240283980400715,
    "median_daily_ic": 0.0007024789348636337,
    "positive_daily_ic_share": 0.5041699449252557
  },
  "decile_monotonicity": {
    "1": 0.0039043206681756786,
    "2": 0.004051692124249217,
    "3": 0.0040594464173525704,
    "4": 0.0039498063644983795,
    "5": 0.004064180143760984,
    "6": 0.0040138974247140476,
    "7": 0.003966746674639679,
    "8": 0.0038116391466924433,
    "9": 0.003576405717755956,
    "10": 0.002719995896319903
  },
  "top_slice_readout": {
    "avg_label_top10": 0.0028710179868157806,
    "avg_label_rank11_20": 0.0043211523801292475,
    "avg_label_bottom10": 0.0025494885755806035,
    "top10_minus_rank11_20": -0.001450134393313467,
    "top10_minus_bottom10": 0.0003215294112351771
  },
  "cutoff_gap": {
    "avg_rank10_11_score_gap": 0.0005365288980949297,
    "median_rank10_11_score_gap": 0.00044474096039526234,
    "days_with_both_ranks": 6362,
    "days_gap_lt_0_005": 6362,
    "days_gap_lt_0_001": 6075
  }
}
