{
  "candidate_scheme_id": "price_volume_single_signal_alpha158_sumn10_v1",
  "research_round_id": "rr_price_volume_single_signal_discovery_v18_round11b_canonical_batch04_20260428",
  "as_of_date": "20260428",
  "coverage": {
    "ranking_eligible_rows": 15233701,
    "null_score_rows": 907,
    "null_score_share": 5.9539044385865264e-05,
    "scored_with_label_rows": 15021120
  },
  "ic_readout": {
    "full_sample_corr_ic": 0.008948916395904673,
    "avg_daily_ic": 0.01623394690558832,
    "median_daily_ic": 0.013707280282937145,
    "positive_daily_ic_share": 0.5476864966949953
  },
  "decile_monotonicity": {
    "1": 0.003044453890148306,
    "2": 0.004242743068272239,
    "3": 0.004623337329321465,
    "4": 0.004687594322347875,
    "5": 0.004828433752261239,
    "6": 0.004687455543371995,
    "7": 0.004364497779253415,
    "8": 0.0038724964339742164,
    "9": 0.0029290150696930067,
    "10": 0.0008019145356033939
  },
  "top_slice_readout": {
    "avg_label_top10": -0.0009004722120272512,
    "avg_label_rank11_20": 0.0023713705568004346,
    "avg_label_bottom10": 0.001140736086926765,
    "top10_minus_rank11_20": -0.0032718427688276856,
    "top10_minus_bottom10": -0.002041208298954016
  },
  "cutoff_gap": {
    "avg_rank10_11_score_gap": 0.0005364397328695746,
    "median_rank10_11_score_gap": 0.0004446420631392112,
    "days_with_both_ranks": 6361,
    "days_gap_lt_0_005": 6361,
    "days_gap_lt_0_001": 6075
  }
}
