{
  "candidate_scheme_id": "price_volume_single_signal_alpha158_cntd60_v1",
  "research_round_id": "rr_price_volume_single_signal_discovery_v18_round11b_canonical_batch04_20260428",
  "as_of_date": "20260428",
  "coverage": {
    "ranking_eligible_rows": 15233701,
    "null_score_rows": 0,
    "null_score_share": 0.0,
    "scored_with_label_rows": 15022019
  },
  "ic_readout": {
    "full_sample_corr_ic": 0.003500934927682806,
    "avg_daily_ic": 0.004617273558255545,
    "median_daily_ic": 0.0021162588620036284,
    "positive_daily_ic_share": 0.5112509834775767
  },
  "decile_monotonicity": {
    "1": 0.003947068545046704,
    "2": 0.003972816499190165,
    "3": 0.004001548044817275,
    "4": 0.004041703803490372,
    "5": 0.003950453568732221,
    "6": 0.0039576545444304735,
    "7": 0.003962011161595518,
    "8": 0.0037928034149731908,
    "9": 0.003636550220023394,
    "10": 0.002855892369971674
  },
  "top_slice_readout": {
    "avg_label_top10": 0.003629647090737537,
    "avg_label_rank11_20": 0.0038178758533853672,
    "avg_label_bottom10": 0.0020567610177126506,
    "top10_minus_rank11_20": -0.00018822876264783022,
    "top10_minus_bottom10": 0.0015728860730248864
  },
  "cutoff_gap": {
    "avg_rank10_11_score_gap": 0.0005365288980949297,
    "median_rank10_11_score_gap": 0.00044474096039526234,
    "days_with_both_ranks": 6362,
    "days_gap_lt_0_005": 6362,
    "days_gap_lt_0_001": 6075
  }
}
