{
  "candidate_scheme_id": "price_volume_single_signal_alpha158_cntd10_v1",
  "research_round_id": "rr_price_volume_single_signal_discovery_v18_round11b_canonical_batch04_20260428",
  "as_of_date": "20260428",
  "coverage": {
    "ranking_eligible_rows": 15233701,
    "null_score_rows": 0,
    "null_score_share": 0.0,
    "scored_with_label_rows": 15022019
  },
  "ic_readout": {
    "full_sample_corr_ic": 0.0025136870528919765,
    "avg_daily_ic": 0.005132686390726859,
    "median_daily_ic": 0.0015907779166807938,
    "positive_daily_ic_share": 0.5090479937057435
  },
  "decile_monotonicity": {
    "1": 0.003082411041298258,
    "2": 0.004001474320717115,
    "3": 0.0041086918449113425,
    "4": 0.004218144959532428,
    "5": 0.004218637721964787,
    "6": 0.004210836326523858,
    "7": 0.004297366838135669,
    "8": 0.0038812885186401296,
    "9": 0.0037370995706840727,
    "10": 0.0023634256145998616
  },
  "top_slice_readout": {
    "avg_label_top10": -2.6663439634542345e-05,
    "avg_label_rank11_20": 0.002687663372815464,
    "avg_label_bottom10": 0.0015531443196389228,
    "top10_minus_rank11_20": -0.0027143268124500066,
    "top10_minus_bottom10": -0.0015798077592734652
  },
  "cutoff_gap": {
    "avg_rank10_11_score_gap": 0.0005365288980949297,
    "median_rank10_11_score_gap": 0.00044474096039526234,
    "days_with_both_ranks": 6362,
    "days_gap_lt_0_005": 6362,
    "days_gap_lt_0_001": 6075
  }
}
