{
  "candidate_scheme_id": "price_volume_single_signal_alpha158_sumn5_v1",
  "research_round_id": "rr_price_volume_single_signal_discovery_v18_round11b_canonical_batch04_20260428",
  "as_of_date": "20260428",
  "coverage": {
    "ranking_eligible_rows": 15233701,
    "null_score_rows": 907,
    "null_score_share": 5.9539044385865264e-05,
    "scored_with_label_rows": 15021120
  },
  "ic_readout": {
    "full_sample_corr_ic": 0.017130477305665647,
    "avg_daily_ic": 0.03378369243034819,
    "median_daily_ic": 0.02948087097081155,
    "positive_daily_ic_share": 0.6134718287692792
  },
  "decile_monotonicity": {
    "1": 0.004111032458646297,
    "2": 0.004814882415040037,
    "3": 0.004927539102092246,
    "4": 0.005002394337071089,
    "5": 0.004941504148084216,
    "6": 0.004531463610641129,
    "7": 0.004144273021191117,
    "8": 0.0035042371291438843,
    "9": 0.0022092901954508947,
    "10": -0.00011138484531763101
  },
  "top_slice_readout": {
    "avg_label_top10": 0.0013247442683640056,
    "avg_label_rank11_20": 0.0038609959767841465,
    "avg_label_bottom10": -0.00211265722670051,
    "top10_minus_rank11_20": -0.002536251708420141,
    "top10_minus_bottom10": 0.0034374014950645155
  },
  "cutoff_gap": {
    "avg_rank10_11_score_gap": 0.0005364397328695746,
    "median_rank10_11_score_gap": 0.0004446420631392112,
    "days_with_both_ranks": 6361,
    "days_gap_lt_0_005": 6361,
    "days_gap_lt_0_001": 6075
  }
}
