{
  "candidate_scheme_id": "price_volume_screen_amount_shock_5_20_composability_v1",
  "research_round_id": "rr_price_volume_amount_shock_composability_screen_20260424",
  "as_of_date": "20260424",
  "diagnosis_question": "Relative to the frozen v18 core two-signal family, does amount_shock_5_20_raw look compositionally compatible enough to justify a later family-level promotion?",
  "single_signal_readout": {
    "full_sample_corr_ic": 0.007194320175548632,
    "avg_daily_ic": 0.011315643184657212,
    "median_daily_ic": 0.012518828019293387,
    "positive_daily_ic_share": 0.5578284815106216,
    "avg_label_top10": 0.003593268162263327,
    "avg_label_rank11_20": 0.0031289723842006126,
    "avg_label_bottom10": -0.005476155364752618,
    "top10_minus_rank11_20": 0.0004642957780627145
  },
  "reference_family_signal_edge_readout": {
    "full_sample_corr_ic": 0.013345465999259343,
    "avg_daily_ic": 0.020657510312888934,
    "median_daily_ic": 0.017744140849193183,
    "positive_daily_ic_share": 0.558220810166799,
    "avg_label_top10": 0.006813846752840207,
    "avg_label_rank11_20": 0.006294745429802958,
    "avg_label_bottom10": -0.026676973097567846,
    "top10_minus_rank11_20": 0.000519101323037249,
    "avg_rank10_11_score_gap": 0.002021238786301136,
    "median_rank10_11_score_gap": 0.0012864493996569415,
    "days_with_both_ranks": 6295,
    "avg_top10_liquidity_rank_mean": 0.4422973406518765
  },
  "screen_family_signal_edge_readout": {
    "full_sample_corr_ic": 0.014922652662869353,
    "avg_daily_ic": 0.023271713026289477,
    "median_daily_ic": 0.02403083191725352,
    "positive_daily_ic_share": 0.576965845909452,
    "avg_label_top10": 0.007072338233601462,
    "avg_label_rank11_20": 0.006204734345111318,
    "avg_label_bottom10": -0.013301323654797892,
    "top10_minus_rank11_20": 0.0008676038884901441,
    "avg_rank10_11_score_gap": 0.0031534560288589376,
    "median_rank10_11_score_gap": 0.00217401659569183,
    "days_with_both_ranks": 6295,
    "avg_top10_liquidity_rank_mean": 0.4599344147899705
  },
  "pairwise_component_correlation": {
    "momentum_vs_amount_shock": {
      "corr_full": -0.0012440474111726654,
      "corr_avg_daily": -0.010777983119457794,
      "corr_median_daily": -0.003949090067297457,
      "corr_positive_daily_share": 0.48809901618533796
    },
    "liquidity_trend_vs_amount_shock": {
      "corr_full": 0.06752103334947171,
      "corr_avg_daily": 0.0602111214488215,
      "corr_median_daily": 0.06190428578673438,
      "corr_positive_daily_share": 0.7279157497642251
    },
    "core_v18_vs_amount_shock": {
      "corr_full": 0.039641405283960957,
      "corr_avg_daily": 0.027655178045142864,
      "corr_median_daily": 0.03103431422661835,
      "corr_positive_daily_share": 0.6059980958425897
    }
  },
  "component_interaction": {
    "bucket_readout": {
      "core_high_amount_high": 0.00438019484903815,
      "core_high_amount_mid": 0.005159124821196213,
      "core_high_amount_low": 0.004109329946901977,
      "core_mid_amount_high": 0.003701933048225604,
      "core_mid_amount_mid": 0.004845430893531064,
      "core_mid_amount_low": 0.003357587513895933,
      "core_low_amount_high": 0.00327921229534797,
      "core_low_amount_mid": 0.003601648127139259,
      "core_low_amount_low": 0.0014638070393393461
    }
  },
  "head_stability": {
    "reference_avg_top10_overlap_next_day": 7.223070739549839,
    "screen_avg_top10_overlap_next_day": 6.289790996784566,
    "reference_median_top10_overlap_next_day": 7.0,
    "screen_median_top10_overlap_next_day": 6.0,
    "avg_top10_overlap_same_day_vs_reference": 2.8231913455037185,
    "median_top10_overlap_same_day_vs_reference": 3.0
  },
  "coverage": {
    "total_rows": 15818326,
    "ranking_eligible_rows": 15233701,
    "reference_scored_rows": 15097814,
    "screen_scored_rows": 15097814
  },
  "judgement": {
    "primary_conclusion": "amount_shock_5_20_raw is a real standalone keeper, but its additive fit with the frozen v18 core family is mixed rather than clean. It improves some static ordering diagnostics, but at least one of additive monotonicity, head stability, or liquidity/head proxy behavior remains questionable.",
    "mechanism": [
      "Pairwise momentum-vs-amount-shock rank correlation is -0.010778 on average by day, which indicates the new signal is not simply duplicating momentum.",
      "Core-family-vs-amount-shock rank correlation is 0.027655 on average by day, so the candidate contributes partially orthogonal ordering information.",
      "In the high-core region, core_high+amount_high average label is 0.004380 versus core_high+amount_mid 0.005159, which is the key additive-monotonicity check.",
      "Head stability proxy changes from reference avg next-day top10 overlap 7.223071 to screen 6.289791."
    ],
    "implication_for_next_step": "Do not promote amount_shock_5_20_raw into a direct equal-weight family replacement yet. If used later, prefer a constrained third-signal test or gated modifier design.",
    "classification": "composability_screen_mixed"
  }
}
