{
  "candidate_scheme_id": "price_volume_single_signal_amount_volatility_20d_v1",
  "research_round_id": "rr_price_volume_single_signal_discovery_v18_round7_orthogonal_20260425",
  "as_of_date": "20260425",
  "coverage": {
    "ranking_eligible_rows": 15233701,
    "null_score_rows": 907,
    "null_score_share": 5.9539044385865264e-05,
    "scored_with_label_rows": 15021120
  },
  "ic_readout": {
    "full_sample_corr_ic": -0.017632228048612565,
    "avg_daily_ic": -0.028194041520645387,
    "median_daily_ic": -0.02816618519285461,
    "positive_daily_ic_share": 0.34419263456090654
  },
  "decile_monotonicity": {
    "1": 0.0007384188368141059,
    "2": 0.0026254822820946894,
    "3": 0.0033819539500298122,
    "4": 0.003613315721158361,
    "5": 0.003903126605576359,
    "6": 0.004205362688238472,
    "7": 0.004502843981773642,
    "8": 0.004794947808549352,
    "9": 0.004950401321164777,
    "10": 0.005387532981042159
  },
  "top_slice_readout": {
    "avg_label_top10": -0.00494519489638112,
    "avg_label_rank11_20": -0.0012595109974075762,
    "avg_label_bottom10": 0.005831581104402717,
    "top10_minus_rank11_20": -0.0036856838989735444,
    "top10_minus_bottom10": -0.010776776000783837
  },
  "cutoff_gap": {
    "avg_rank10_11_score_gap": 0.0005364397328695746,
    "median_rank10_11_score_gap": 0.0004446420631392112,
    "days_with_both_ranks": 6361,
    "days_gap_lt_0_005": 6361,
    "days_gap_lt_0_001": 6075
  }
}
