{
  "candidate_scheme_id": "price_volume_single_signal_intraday_trend_bias_20d_v1",
  "research_round_id": "rr_price_volume_single_signal_discovery_v18_round7_orthogonal_20260425",
  "as_of_date": "20260425",
  "coverage": {
    "ranking_eligible_rows": 15233701,
    "null_score_rows": 0,
    "null_score_share": 0.0,
    "scored_with_label_rows": 15022019
  },
  "ic_readout": {
    "full_sample_corr_ic": 0.01473966497428755,
    "avg_daily_ic": 0.019716401640396605,
    "median_daily_ic": 0.01679770761122253,
    "positive_daily_ic_share": 0.5559402045633359
  },
  "decile_monotonicity": {
    "1": 0.004614681431661129,
    "2": 0.004438245105892621,
    "3": 0.004515621672445156,
    "4": 0.004532431466832804,
    "5": 0.004463836968781923,
    "6": 0.004470381955770039,
    "7": 0.0042764741782861035,
    "8": 0.003862694982107182,
    "9": 0.0030443856770050377,
    "10": -0.00010924834087773315
  },
  "top_slice_readout": {
    "avg_label_top10": 0.005909236337901781,
    "avg_label_rank11_20": 0.005600781497543339,
    "avg_label_bottom10": -0.0034390084555754913,
    "top10_minus_rank11_20": 0.00030845484035844223,
    "top10_minus_bottom10": 0.009348244793477272
  },
  "cutoff_gap": {
    "avg_rank10_11_score_gap": 0.0005365288980949297,
    "median_rank10_11_score_gap": 0.00044474096039526234,
    "days_with_both_ranks": 6362,
    "days_gap_lt_0_005": 6362,
    "days_gap_lt_0_001": 6075
  }
}
