{
  "candidate_scheme_id": "price_volume_single_signal_downside_gap_frequency_20d_v1",
  "research_round_id": "rr_price_volume_single_signal_discovery_v18_round7_orthogonal_20260425",
  "as_of_date": "20260425",
  "coverage": {
    "ranking_eligible_rows": 15233701,
    "null_score_rows": 0,
    "null_score_share": 0.0,
    "scored_with_label_rows": 15022019
  },
  "ic_readout": {
    "full_sample_corr_ic": -0.0023345957031353044,
    "avg_daily_ic": 0.002235517630413129,
    "median_daily_ic": 0.0018869770031120052,
    "positive_daily_ic_share": 0.5109362706530292
  },
  "decile_monotonicity": {
    "1": 0.00287541449551599,
    "2": 0.003689555065850936,
    "3": 0.0038381945584521297,
    "4": 0.003918450807098071,
    "5": 0.004094298301641643,
    "6": 0.0040731594002163815,
    "7": 0.00412090025892221,
    "8": 0.004109976831017418,
    "9": 0.003910115905497371,
    "10": 0.0034931396783972903
  },
  "top_slice_readout": {
    "avg_label_top10": 0.0007038356666904506,
    "avg_label_rank11_20": 0.003179440444226395,
    "avg_label_bottom10": 0.002931801771824448,
    "top10_minus_rank11_20": -0.0024756047775359447,
    "top10_minus_bottom10": -0.0022279661051339975
  },
  "cutoff_gap": {
    "avg_rank10_11_score_gap": 0.0005365288980949297,
    "median_rank10_11_score_gap": 0.00044474096039526234,
    "days_with_both_ranks": 6362,
    "days_gap_lt_0_005": 6362,
    "days_gap_lt_0_001": 6075
  }
}
