{
  "candidate_scheme_id": "price_volume_single_signal_alpha158_full_025_v1",
  "research_round_id": "rr_price_volume_single_signal_discovery_v18_round11b_batch04_20260428",
  "as_of_date": "20260428",
  "coverage": {
    "ranking_eligible_rows": 15233701,
    "null_score_rows": 907,
    "null_score_share": 5.9539044385865264e-05,
    "scored_with_label_rows": 15021120
  },
  "ic_readout": {
    "full_sample_corr_ic": -0.0074705436795007634,
    "avg_daily_ic": -0.007951095042669975,
    "median_daily_ic": -0.008068338494705849,
    "positive_daily_ic_share": 0.4694680516210261
  },
  "decile_monotonicity": {
    "1": 0.001729217443198449,
    "2": 0.0033014780521734006,
    "3": 0.003702116858924921,
    "4": 0.003967195577816853,
    "5": 0.004221190069070407,
    "6": 0.004412897414930601,
    "7": 0.004484867276732694,
    "8": 0.004449794324060527,
    "9": 0.00420482190746108,
    "10": 0.0036215729166739342
  },
  "top_slice_readout": {
    "avg_label_top10": -0.0008949170505221684,
    "avg_label_rank11_20": 0.000861604902339362,
    "avg_label_bottom10": 0.0029791831234772903,
    "top10_minus_rank11_20": -0.0017565219528615304,
    "top10_minus_bottom10": -0.0038741001739994586
  },
  "cutoff_gap": {
    "avg_rank10_11_score_gap": 0.0005364397328695746,
    "median_rank10_11_score_gap": 0.0004446420631392112,
    "days_with_both_ranks": 6361,
    "days_gap_lt_0_005": 6361,
    "days_gap_lt_0_001": 6075
  }
}
