{
  "candidate_scheme_id": "price_volume_single_signal_alpha158_full_034_v1",
  "research_round_id": "rr_price_volume_single_signal_discovery_v18_round11b_batch04_20260428",
  "as_of_date": "20260428",
  "coverage": {
    "ranking_eligible_rows": 15233701,
    "null_score_rows": 1740,
    "null_score_share": 0.00011422043796185838,
    "scored_with_label_rows": 15020957
  },
  "ic_readout": {
    "full_sample_corr_ic": -0.0001243906251296928,
    "avg_daily_ic": 0.0024558813049851713,
    "median_daily_ic": 0.0015832806531923824,
    "positive_daily_ic_share": 0.511488825936418
  },
  "decile_monotonicity": {
    "1": 0.0031657616105040505,
    "2": 0.00384043057627481,
    "3": 0.003991615976150253,
    "4": 0.004072568169559805,
    "5": 0.004033748136288571,
    "6": 0.004028730766617432,
    "7": 0.0040087798052474725,
    "8": 0.0039001912562468123,
    "9": 0.003791449714534703,
    "10": 0.0032579951592041274
  },
  "top_slice_readout": {
    "avg_label_top10": 0.0014603577577874472,
    "avg_label_rank11_20": 0.003029156309148113,
    "avg_label_bottom10": 0.0012942299578461156,
    "top10_minus_rank11_20": -0.0015687985513606656,
    "top10_minus_bottom10": 0.00016612779994133156
  },
  "cutoff_gap": {
    "avg_rank10_11_score_gap": 0.0005365529859379133,
    "median_rank10_11_score_gap": 0.0004446420631392112,
    "days_with_both_ranks": 6361,
    "days_gap_lt_0_005": 6361,
    "days_gap_lt_0_001": 6071
  }
}
