{
  "candidate_scheme_id": "price_volume_single_signal_alpha158_full_030_v1",
  "research_round_id": "rr_price_volume_single_signal_discovery_v18_round11b_batch04_20260428",
  "as_of_date": "20260428",
  "coverage": {
    "ranking_eligible_rows": 15233701,
    "null_score_rows": 0,
    "null_score_share": 0.0,
    "scored_with_label_rows": 15022019
  },
  "ic_readout": {
    "full_sample_corr_ic": 0.012793816402998981,
    "avg_daily_ic": 0.021574374274366693,
    "median_daily_ic": 0.017689225611409294,
    "positive_daily_ic_share": 0.5680566483084186
  },
  "decile_monotonicity": {
    "1": 0.004079258575207329,
    "2": 0.004285525491105429,
    "3": 0.004599789210426291,
    "4": 0.004603754839954784,
    "5": 0.004668657753213571,
    "6": 0.004532527999940849,
    "7": 0.0042816452400961085,
    "8": 0.003931396572832109,
    "9": 0.002954831701011541,
    "10": 0.0001736608794052995
  },
  "top_slice_readout": {
    "avg_label_top10": 0.0027190049877709116,
    "avg_label_rank11_20": 0.004368847566067875,
    "avg_label_bottom10": -0.004943152729257396,
    "top10_minus_rank11_20": -0.0016498425782969636,
    "top10_minus_bottom10": 0.0076621577170283076
  },
  "cutoff_gap": {
    "avg_rank10_11_score_gap": 0.0005365288980949297,
    "median_rank10_11_score_gap": 0.00044474096039526234,
    "days_with_both_ranks": 6362,
    "days_gap_lt_0_005": 6362,
    "days_gap_lt_0_001": 6075
  }
}
