{
  "candidate_scheme_id": "price_volume_single_signal_post_downday_volume_recovery_20d_v1",
  "research_round_id": "rr_price_volume_single_signal_discovery_v18_round9_composability_first_20260428",
  "as_of_date": "20260428",
  "coverage": {
    "ranking_eligible_rows": 15233701,
    "null_score_rows": 3696,
    "null_score_share": 0.00024261996477415435,
    "scored_with_label_rows": 15018352
  },
  "ic_readout": {
    "full_sample_corr_ic": -0.010552273871237592,
    "avg_daily_ic": -0.01623855427787595,
    "median_daily_ic": -0.017493227195054868,
    "positive_daily_ic_share": 0.39612842304060436
  },
  "decile_monotonicity": {
    "1": 0.0017222677688046313,
    "2": 0.0032470554966163288,
    "3": 0.003627929667316577,
    "4": 0.003823336642868732,
    "5": 0.003922235874441314,
    "6": 0.004008814130045551,
    "7": 0.004167788462291657,
    "8": 0.004360473111622591,
    "9": 0.004596094981933462,
    "10": 0.004655827864642054
  },
  "top_slice_readout": {
    "avg_label_top10": -0.005361575952376236,
    "avg_label_rank11_20": -0.00087189802972895,
    "avg_label_bottom10": 0.0050904687333267725,
    "top10_minus_rank11_20": -0.004489677922647287,
    "top10_minus_bottom10": -0.010452044685703009
  },
  "cutoff_gap": {
    "avg_rank10_11_score_gap": 0.0005408846205012968,
    "median_rank10_11_score_gap": 0.0004446420631392112,
    "days_with_both_ranks": 6361,
    "days_gap_lt_0_005": 6360,
    "days_gap_lt_0_001": 6075
  }
}
