{
  "candidate_scheme_id": "price_volume_single_signal_lower_shadow_support_20d_v1",
  "research_round_id": "rr_price_volume_single_signal_discovery_v18_round9_composability_first_20260428",
  "as_of_date": "20260428",
  "coverage": {
    "ranking_eligible_rows": 15233701,
    "null_score_rows": 769,
    "null_score_share": 5.048018206475235e-05,
    "scored_with_label_rows": 15021902
  },
  "ic_readout": {
    "full_sample_corr_ic": 0.006151118798989937,
    "avg_daily_ic": 0.010726264953400693,
    "median_daily_ic": 0.008009879275225545,
    "positive_daily_ic_share": 0.5455546813532651
  },
  "decile_monotonicity": {
    "1": 0.0042675098266104165,
    "2": 0.004297283251905078,
    "3": 0.00417007223642813,
    "4": 0.004005586465811064,
    "5": 0.0039292313313629,
    "6": 0.003926503959600408,
    "7": 0.0038618812928766896,
    "8": 0.0036996149674763416,
    "9": 0.0033706960386602654,
    "10": 0.002590518469985348
  },
  "top_slice_readout": {
    "avg_label_top10": 0.005563151123125364,
    "avg_label_rank11_20": 0.005020457585059126,
    "avg_label_bottom10": 0.0011361685447840518,
    "top10_minus_rank11_20": 0.0005426935380662377,
    "top10_minus_bottom10": 0.004426982578341312
  },
  "cutoff_gap": {
    "avg_rank10_11_score_gap": 0.0005366361646704242,
    "median_rank10_11_score_gap": 0.00044474096039526234,
    "days_with_both_ranks": 6362,
    "days_gap_lt_0_005": 6362,
    "days_gap_lt_0_001": 6071
  }
}
