{
  "candidate_scheme_id": "price_volume_single_signal_alpha158_sumd60_v1",
  "research_round_id": "rr_price_volume_single_signal_discovery_v18_round11b_canonical_batch05_20260428",
  "as_of_date": "20260428",
  "coverage": {
    "ranking_eligible_rows": 15233701,
    "null_score_rows": 907,
    "null_score_share": 5.9539044385865264e-05,
    "scored_with_label_rows": 15021120
  },
  "ic_readout": {
    "full_sample_corr_ic": 0.013598546805032828,
    "avg_daily_ic": 0.021195659280683968,
    "median_daily_ic": 0.018798875358088968,
    "positive_daily_ic_share": 0.5598048473402581
  },
  "decile_monotonicity": {
    "1": 0.004968949986846869,
    "2": 0.004738858107993647,
    "3": 0.004498762363392133,
    "4": 0.004306490831027495,
    "5": 0.004157313259242101,
    "6": 0.004049078548195503,
    "7": 0.0038101341066942803,
    "8": 0.003455976590274334,
    "9": 0.0027076151125939164,
    "10": 0.0013848113698959011
  },
  "top_slice_readout": {
    "avg_label_top10": 0.004387247230312455,
    "avg_label_rank11_20": 0.005586409651506274,
    "avg_label_bottom10": 0.0008295433959876307,
    "top10_minus_rank11_20": -0.0011991624211938187,
    "top10_minus_bottom10": 0.0035577038343248247
  },
  "cutoff_gap": {
    "avg_rank10_11_score_gap": 0.0005364397328695746,
    "median_rank10_11_score_gap": 0.0004446420631392112,
    "days_with_both_ranks": 6361,
    "days_gap_lt_0_005": 6361,
    "days_gap_lt_0_001": 6075
  }
}
