{
  "candidate_scheme_id": "price_volume_single_signal_alpha158_vstd10_v1",
  "research_round_id": "rr_price_volume_single_signal_discovery_v18_round11b_canonical_batch05_20260428",
  "as_of_date": "20260428",
  "coverage": {
    "ranking_eligible_rows": 15233701,
    "null_score_rows": 907,
    "null_score_share": 5.9539044385865264e-05,
    "scored_with_label_rows": 15021120
  },
  "ic_readout": {
    "full_sample_corr_ic": -0.0028891785555287693,
    "avg_daily_ic": -0.00311714532335908,
    "median_daily_ic": -0.001967557338842174,
    "positive_daily_ic_share": 0.48693736229146994
  },
  "decile_monotonicity": {
    "1": 0.002745085637134379,
    "2": 0.0034962059396254678,
    "3": 0.003876028881913585,
    "4": 0.004051724545922895,
    "5": 0.004193303201259044,
    "6": 0.004156019713896858,
    "7": 0.004111438792208764,
    "8": 0.00391244713560571,
    "9": 0.003840498249569064,
    "10": 0.0037087646243968283
  },
  "top_slice_readout": {
    "avg_label_top10": 0.004482402683086978,
    "avg_label_rank11_20": 0.0028967615603996836,
    "avg_label_bottom10": 0.004637152655288509,
    "top10_minus_rank11_20": 0.0015856411226872948,
    "top10_minus_bottom10": -0.00015474997220153025
  },
  "cutoff_gap": {
    "avg_rank10_11_score_gap": 0.0005364397328695746,
    "median_rank10_11_score_gap": 0.0004446420631392112,
    "days_with_both_ranks": 6361,
    "days_gap_lt_0_005": 6361,
    "days_gap_lt_0_001": 6075
  }
}
