{
  "candidate_scheme_id": "price_volume_single_signal_alpha158_sumn60_v1",
  "research_round_id": "rr_price_volume_single_signal_discovery_v18_round11b_canonical_batch05_20260428",
  "as_of_date": "20260428",
  "coverage": {
    "ranking_eligible_rows": 15233701,
    "null_score_rows": 907,
    "null_score_share": 5.9539044385865264e-05,
    "scored_with_label_rows": 15021120
  },
  "ic_readout": {
    "full_sample_corr_ic": 0.013600683318480945,
    "avg_daily_ic": 0.02120253315355779,
    "median_daily_ic": 0.01888136770476235,
    "positive_daily_ic_share": 0.5598048473402581
  },
  "decile_monotonicity": {
    "1": 0.004968992111260967,
    "2": 0.00473912225112983,
    "3": 0.004499098022652657,
    "4": 0.004306276158850713,
    "5": 0.004156427455773498,
    "6": 0.004048345261094619,
    "7": 0.003811506978450541,
    "8": 0.0034591947959141923,
    "9": 0.0027067773554408435,
    "10": 0.0013822473749769792
  },
  "top_slice_readout": {
    "avg_label_top10": 0.0043872472303124474,
    "avg_label_rank11_20": 0.005586300190350457,
    "avg_label_bottom10": 0.0008384687410135533,
    "top10_minus_rank11_20": -0.00119905296003801,
    "top10_minus_bottom10": 0.003548778489298894
  },
  "cutoff_gap": {
    "avg_rank10_11_score_gap": 0.0005364397328695746,
    "median_rank10_11_score_gap": 0.0004446420631392112,
    "days_with_both_ranks": 6361,
    "days_gap_lt_0_005": 6361,
    "days_gap_lt_0_001": 6075
  }
}
