{
  "candidate_scheme_id": "price_volume_single_signal_alpha158_wvma20_v1",
  "research_round_id": "rr_price_volume_single_signal_discovery_v18_round11b_canonical_batch05_20260428",
  "as_of_date": "20260428",
  "coverage": {
    "ranking_eligible_rows": 15233701,
    "null_score_rows": 907,
    "null_score_share": 5.9539044385865264e-05,
    "scored_with_label_rows": 15021120
  },
  "ic_readout": {
    "full_sample_corr_ic": -0.012349987631786317,
    "avg_daily_ic": -0.02027140096005671,
    "median_daily_ic": -0.019483624665277713,
    "positive_daily_ic_share": 0.3607176581680831
  },
  "decile_monotonicity": {
    "1": 0.0017110652742442884,
    "2": 0.002933760327545333,
    "3": 0.0033594592703924796,
    "4": 0.0036927605810798216,
    "5": 0.003985818994566394,
    "6": 0.004107671835151106,
    "7": 0.0043418749558301675,
    "8": 0.004420158707754505,
    "9": 0.0047189643675258205,
    "10": 0.0048276197155401775
  },
  "top_slice_readout": {
    "avg_label_top10": -0.0018981448450729398,
    "avg_label_rank11_20": 0.0005196034719716863,
    "avg_label_bottom10": 0.004678195693031571,
    "top10_minus_rank11_20": -0.002417748317044626,
    "top10_minus_bottom10": -0.006576340538104511
  },
  "cutoff_gap": {
    "avg_rank10_11_score_gap": 0.0005364397328695746,
    "median_rank10_11_score_gap": 0.0004446420631392112,
    "days_with_both_ranks": 6361,
    "days_gap_lt_0_005": 6361,
    "days_gap_lt_0_001": 6075
  }
}
