{
  "candidate_scheme_id": "price_volume_single_signal_alpha158_sumd10_v1",
  "research_round_id": "rr_price_volume_single_signal_discovery_v18_round11b_canonical_batch05_20260428",
  "as_of_date": "20260428",
  "coverage": {
    "ranking_eligible_rows": 15233701,
    "null_score_rows": 907,
    "null_score_share": 5.9539044385865264e-05,
    "scored_with_label_rows": 15021120
  },
  "ic_readout": {
    "full_sample_corr_ic": 0.008951367167134077,
    "avg_daily_ic": 0.01623453679487943,
    "median_daily_ic": 0.013624074513910735,
    "positive_daily_ic_share": 0.5476864966949953
  },
  "decile_monotonicity": {
    "1": 0.003045052585755909,
    "2": 0.004243320139551384,
    "3": 0.00462129644618974,
    "4": 0.00469067147636824,
    "5": 0.004828866443000482,
    "6": 0.004687899320471647,
    "7": 0.004360379089710537,
    "8": 0.0038743164425012735,
    "9": 0.002927981184462312,
    "10": 0.0008021550860177805
  },
  "top_slice_readout": {
    "avg_label_top10": -0.0009004722120272492,
    "avg_label_rank11_20": 0.0023722108225154082,
    "avg_label_bottom10": 0.0008481082948980151,
    "top10_minus_rank11_20": -0.0032726830345426576,
    "top10_minus_bottom10": -0.0017485805069252644
  },
  "cutoff_gap": {
    "avg_rank10_11_score_gap": 0.0005364397328695747,
    "median_rank10_11_score_gap": 0.0004446420631392112,
    "days_with_both_ranks": 6361,
    "days_gap_lt_0_005": 6361,
    "days_gap_lt_0_001": 6075
  }
}
