{
  "candidate_scheme_id": "price_volume_single_signal_alpha158_vsump30_v1",
  "research_round_id": "rr_price_volume_single_signal_discovery_v18_round11b_canonical_batch05_20260428",
  "as_of_date": "20260428",
  "coverage": {
    "ranking_eligible_rows": 15233701,
    "null_score_rows": 907,
    "null_score_share": 5.9539044385865264e-05,
    "scored_with_label_rows": 15021120
  },
  "ic_readout": {
    "full_sample_corr_ic": 0.013640304547959574,
    "avg_daily_ic": 0.022344399959514042,
    "median_daily_ic": 0.021519159818705377,
    "positive_daily_ic_share": 0.610324205225055
  },
  "decile_monotonicity": {
    "1": 0.0047731681507566705,
    "2": 0.004292900743602182,
    "3": 0.004282031887631509,
    "4": 0.004327880536796007,
    "5": 0.004393278897777976,
    "6": 0.004402866154602188,
    "7": 0.004370894500808612,
    "8": 0.004117130287757864,
    "9": 0.0032978155386375607,
    "10": -0.00017979664791855423
  },
  "top_slice_readout": {
    "avg_label_top10": 0.006578437296430294,
    "avg_label_rank11_20": 0.005551024603559003,
    "avg_label_bottom10": -0.007319648731532122,
    "top10_minus_rank11_20": 0.0010274126928712908,
    "top10_minus_bottom10": 0.013898086027962416
  },
  "cutoff_gap": {
    "avg_rank10_11_score_gap": 0.0005364397328695746,
    "median_rank10_11_score_gap": 0.0004446420631392112,
    "days_with_both_ranks": 6361,
    "days_gap_lt_0_005": 6361,
    "days_gap_lt_0_001": 6075
  }
}
