{
  "candidate_scheme_id": "price_volume_single_signal_alpha158_sumd5_v1",
  "research_round_id": "rr_price_volume_single_signal_discovery_v18_round11b_canonical_batch05_20260428",
  "as_of_date": "20260428",
  "coverage": {
    "ranking_eligible_rows": 15233701,
    "null_score_rows": 907,
    "null_score_share": 5.9539044385865264e-05,
    "scored_with_label_rows": 15021120
  },
  "ic_readout": {
    "full_sample_corr_ic": 0.017272248972773765,
    "avg_daily_ic": 0.033955447987205185,
    "median_daily_ic": 0.029684545868894328,
    "positive_daily_ic_share": 0.6137865911237016
  },
  "decile_monotonicity": {
    "1": 0.0041106122119683635,
    "2": 0.004813842261970268,
    "3": 0.0049330695346037,
    "4": 0.00500090824362175,
    "5": 0.004945360205150401,
    "6": 0.004540804383210594,
    "7": 0.004158771081125813,
    "8": 0.0035258740173497293,
    "9": 0.002258829717177616,
    "10": -0.0002129293467625597
  },
  "top_slice_readout": {
    "avg_label_top10": 0.0013247442683640045,
    "avg_label_rank11_20": 0.003858712862592821,
    "avg_label_bottom10": -0.0023948683013027285,
    "top10_minus_rank11_20": -0.0025339685942288165,
    "top10_minus_bottom10": 0.003719612569666733
  },
  "cutoff_gap": {
    "avg_rank10_11_score_gap": 0.0005364397328695746,
    "median_rank10_11_score_gap": 0.0004446420631392112,
    "days_with_both_ranks": 6361,
    "days_gap_lt_0_005": 6361,
    "days_gap_lt_0_001": 6075
  }
}
