{
  "candidate_scheme_id": "price_volume_single_signal_alpha158_vma60_v1",
  "research_round_id": "rr_price_volume_single_signal_discovery_v18_round11b_canonical_batch05_20260428",
  "as_of_date": "20260428",
  "coverage": {
    "ranking_eligible_rows": 15233701,
    "null_score_rows": 0,
    "null_score_share": 0.0,
    "scored_with_label_rows": 15022019
  },
  "ic_readout": {
    "full_sample_corr_ic": 0.01298652586084069,
    "avg_daily_ic": 0.022110720480553372,
    "median_daily_ic": 0.02141325231578705,
    "positive_daily_ic_share": 0.5922895357985838
  },
  "decile_monotonicity": {
    "1": 0.0040303823184183315,
    "2": 0.004128513107491655,
    "3": 0.0045095027581290486,
    "4": 0.004676027721299292,
    "5": 0.004777990123350935,
    "6": 0.004693860966095454,
    "7": 0.0045168191322197205,
    "8": 0.004152630573627368,
    "9": 0.003139163587038531,
    "10": -0.0005141241801222076
  },
  "top_slice_readout": {
    "avg_label_top10": 0.006174141150908007,
    "avg_label_rank11_20": 0.00514061688175303,
    "avg_label_bottom10": -0.007635650685634768,
    "top10_minus_rank11_20": 0.001033524269154977,
    "top10_minus_bottom10": 0.013809791836542774
  },
  "cutoff_gap": {
    "avg_rank10_11_score_gap": 0.0005365288980949296,
    "median_rank10_11_score_gap": 0.00044474096039526234,
    "days_with_both_ranks": 6362,
    "days_gap_lt_0_005": 6362,
    "days_gap_lt_0_001": 6075
  }
}
