{
  "candidate_scheme_id": "price_volume_single_signal_alpha158_vstd5_v1",
  "research_round_id": "rr_price_volume_single_signal_discovery_v18_round11b_canonical_batch05_20260428",
  "as_of_date": "20260428",
  "coverage": {
    "ranking_eligible_rows": 15233701,
    "null_score_rows": 907,
    "null_score_share": 5.9539044385865264e-05,
    "scored_with_label_rows": 15021120
  },
  "ic_readout": {
    "full_sample_corr_ic": -0.006387511189387272,
    "avg_daily_ic": -0.011317230875059422,
    "median_daily_ic": -0.010583087351424134,
    "positive_daily_ic_share": 0.42540132200188857
  },
  "decile_monotonicity": {
    "1": 0.00264392132111252,
    "2": 0.003327826606684946,
    "3": 0.0036514702208668396,
    "4": 0.0037813203039310187,
    "5": 0.003953145279062911,
    "6": 0.003944335317851659,
    "7": 0.00405994777448139,
    "8": 0.0040587927625732574,
    "9": 0.004234776207058226,
    "10": 0.004438910602552996
  },
  "top_slice_readout": {
    "avg_label_top10": 0.0033572220642766435,
    "avg_label_rank11_20": 0.0014799405623946587,
    "avg_label_bottom10": 0.005027234348544246,
    "top10_minus_rank11_20": 0.0018772815018819847,
    "top10_minus_bottom10": -0.0016700122842676023
  },
  "cutoff_gap": {
    "avg_rank10_11_score_gap": 0.0005364397328695746,
    "median_rank10_11_score_gap": 0.0004446420631392112,
    "days_with_both_ranks": 6361,
    "days_gap_lt_0_005": 6361,
    "days_gap_lt_0_001": 6075
  }
}
