{
  "candidate_scheme_id": "price_volume_single_signal_alpha158_vsump60_v1",
  "research_round_id": "rr_price_volume_single_signal_discovery_v18_round11b_canonical_batch05_20260428",
  "as_of_date": "20260428",
  "coverage": {
    "ranking_eligible_rows": 15233701,
    "null_score_rows": 907,
    "null_score_share": 5.9539044385865264e-05,
    "scored_with_label_rows": 15021120
  },
  "ic_readout": {
    "full_sample_corr_ic": 0.014042218744308247,
    "avg_daily_ic": 0.023205257969398298,
    "median_daily_ic": 0.02538835526714702,
    "positive_daily_ic_share": 0.6185080264400378
  },
  "decile_monotonicity": {
    "1": 0.004685668380434525,
    "2": 0.004415756121709476,
    "3": 0.0043346012984948916,
    "4": 0.004313768545857252,
    "5": 0.004433061516587136,
    "6": 0.00444935717362585,
    "7": 0.0044135196173533476,
    "8": 0.004088992557809549,
    "9": 0.003268046589584715,
    "10": -0.00032497966579948936
  },
  "top_slice_readout": {
    "avg_label_top10": 0.005502402393304598,
    "avg_label_rank11_20": 0.00493655662129364,
    "avg_label_bottom10": -0.008018039235350286,
    "top10_minus_rank11_20": 0.0005658457720109583,
    "top10_minus_bottom10": 0.013520441628654883
  },
  "cutoff_gap": {
    "avg_rank10_11_score_gap": 0.0005364397328695746,
    "median_rank10_11_score_gap": 0.0004446420631392112,
    "days_with_both_ranks": 6361,
    "days_gap_lt_0_005": 6361,
    "days_gap_lt_0_001": 6075
  }
}
