{
  "candidate_scheme_id": "price_volume_single_signal_alpha158_vma20_v1",
  "research_round_id": "rr_price_volume_single_signal_discovery_v18_round11b_canonical_batch05_20260428",
  "as_of_date": "20260428",
  "coverage": {
    "ranking_eligible_rows": 15233701,
    "null_score_rows": 0,
    "null_score_share": 0.0,
    "scored_with_label_rows": 15022019
  },
  "ic_readout": {
    "full_sample_corr_ic": 0.008139274100195814,
    "avg_daily_ic": 0.014106951863864702,
    "median_daily_ic": 0.014275433868681079,
    "positive_daily_ic_share": 0.5690007867820613
  },
  "decile_monotonicity": {
    "1": 0.0030362686944733295,
    "2": 0.0037613260425060748,
    "3": 0.00434746531621471,
    "4": 0.004773574754545378,
    "5": 0.0049652562679795105,
    "6": 0.0049196261490583775,
    "7": 0.004722236522103823,
    "8": 0.004355112234311749,
    "9": 0.0033217326419778,
    "10": -8.790773686010627e-05
  },
  "top_slice_readout": {
    "avg_label_top10": 0.004943736745028485,
    "avg_label_rank11_20": 0.003452137049857089,
    "avg_label_bottom10": -0.007035520702972467,
    "top10_minus_rank11_20": 0.0014915996951713958,
    "top10_minus_bottom10": 0.011979257448000952
  },
  "cutoff_gap": {
    "avg_rank10_11_score_gap": 0.0005365288980949297,
    "median_rank10_11_score_gap": 0.00044474096039526234,
    "days_with_both_ranks": 6362,
    "days_gap_lt_0_005": 6362,
    "days_gap_lt_0_001": 6075
  }
}
