{
  "candidate_scheme_id": "price_volume_single_signal_alpha158_wvma5_v1",
  "research_round_id": "rr_price_volume_single_signal_discovery_v18_round11b_canonical_batch05_20260428",
  "as_of_date": "20260428",
  "coverage": {
    "ranking_eligible_rows": 15233701,
    "null_score_rows": 907,
    "null_score_share": 5.9539044385865264e-05,
    "scored_with_label_rows": 15021120
  },
  "ic_readout": {
    "full_sample_corr_ic": -0.007836236413999385,
    "avg_daily_ic": -0.015261543631388957,
    "median_daily_ic": -0.014361371896107072,
    "positive_daily_ic_share": 0.380547686496695
  },
  "decile_monotonicity": {
    "1": 0.0022072876046099247,
    "2": 0.0031761134698487644,
    "3": 0.0036183585709242566,
    "4": 0.0038926799777239812,
    "5": 0.00398327062708562,
    "6": 0.004156822855149801,
    "7": 0.00428186249660671,
    "8": 0.004263997182764348,
    "9": 0.0042568880362963335,
    "10": 0.0042582474714213964
  },
  "top_slice_readout": {
    "avg_label_top10": -0.0010597164816552641,
    "avg_label_rank11_20": 0.0009380038983269005,
    "avg_label_bottom10": 0.0044207983114627454,
    "top10_minus_rank11_20": -0.0019977203799821644,
    "top10_minus_bottom10": -0.005480514793118009
  },
  "cutoff_gap": {
    "avg_rank10_11_score_gap": 0.0005364397328695746,
    "median_rank10_11_score_gap": 0.0004446420631392112,
    "days_with_both_ranks": 6361,
    "days_gap_lt_0_005": 6361,
    "days_gap_lt_0_001": 6075
  }
}
