{
  "candidate_scheme_id": "price_volume_single_signal_liquidity_trend_60_120_v1",
  "research_round_id": "rr_price_volume_single_signal_discovery_v18_round3_20260423",
  "as_of_date": "20260423",
  "coverage": {
    "ranking_eligible_rows": 15233701,
    "null_score_rows": 0,
    "null_score_share": 0.0,
    "scored_with_label_rows": 15022019
  },
  "ic_readout": {
    "full_sample_corr_ic": 0.008324338703899713,
    "avg_daily_ic": 0.013665530780982413,
    "median_daily_ic": 0.013089239641880142,
    "positive_daily_ic_share": 0.555153422501967
  },
  "decile_monotonicity": {
    "1": 0.0046009570697743,
    "2": 0.004257894983332747,
    "3": 0.004229500636369219,
    "4": 0.004178971441825076,
    "5": 0.00404653603532818,
    "6": 0.0038893075236168576,
    "7": 0.0037053991577131553,
    "8": 0.00365914389122816,
    "9": 0.0033523180358388063,
    "10": 0.0021945064103670127
  },
  "top_slice_readout": {
    "avg_label_top10": 0.006166502617103923,
    "avg_label_rank11_20": 0.005725672862421423,
    "avg_label_bottom10": 0.0009941765426700287,
    "top10_minus_rank11_20": 0.0004408297546824999,
    "top10_minus_bottom10": 0.005172326074433894
  },
  "cutoff_gap": {
    "avg_rank10_11_score_gap": 0.0005365288980949297,
    "median_rank10_11_score_gap": 0.00044474096039526234,
    "days_with_both_ranks": 6362,
    "days_gap_lt_0_005": 6362,
    "days_gap_lt_0_001": 6075
  }
}
