{
  "candidate_scheme_id": "price_volume_single_signal_alpha158_full_020_v1",
  "research_round_id": "rr_price_volume_single_signal_discovery_v18_round11b_batch03_20260428",
  "as_of_date": "20260428",
  "coverage": {
    "ranking_eligible_rows": 15233701,
    "null_score_rows": 907,
    "null_score_share": 5.9539044385865264e-05,
    "scored_with_label_rows": 15021120
  },
  "ic_readout": {
    "full_sample_corr_ic": -0.009810606235696085,
    "avg_daily_ic": -0.01569942821844842,
    "median_daily_ic": -0.015065922448671002,
    "positive_daily_ic_share": 0.4222536984576645
  },
  "decile_monotonicity": {
    "1": 0.0011818696875525222,
    "2": 0.003280871749237729,
    "3": 0.0038582143825728445,
    "4": 0.004041185471467526,
    "5": 0.004182026092433984,
    "6": 0.004308768090968775,
    "7": 0.004390549838500203,
    "8": 0.004466900608329168,
    "9": 0.004271666007690072,
    "10": 0.004114934644862594
  },
  "top_slice_readout": {
    "avg_label_top10": -0.0036497457212314607,
    "avg_label_rank11_20": -0.0011113526098518556,
    "avg_label_bottom10": 0.004008689291466525,
    "top10_minus_rank11_20": -0.002538393111379605,
    "top10_minus_bottom10": -0.007658435012697985
  },
  "cutoff_gap": {
    "avg_rank10_11_score_gap": 0.0005364397328695746,
    "median_rank10_11_score_gap": 0.0004446420631392112,
    "days_with_both_ranks": 6361,
    "days_gap_lt_0_005": 6361,
    "days_gap_lt_0_001": 6075
  }
}
