{
  "candidate_scheme_id": "price_volume_single_signal_alpha158_full_015_v1",
  "research_round_id": "rr_price_volume_single_signal_discovery_v18_round11b_batch03_20260428",
  "as_of_date": "20260428",
  "coverage": {
    "ranking_eligible_rows": 15233701,
    "null_score_rows": 1971,
    "null_score_share": 0.00012938418576024304,
    "scored_with_label_rows": 15020061
  },
  "ic_readout": {
    "full_sample_corr_ic": -0.0018501637395301432,
    "avg_daily_ic": -0.004545799756493146,
    "median_daily_ic": -0.005261616814123219,
    "positive_daily_ic_share": 0.45427357154100423
  },
  "decile_monotonicity": {
    "1": 0.0023501290469047126,
    "2": 0.0038974313232032253,
    "3": 0.0040284073780427615,
    "4": 0.004237529489040532,
    "5": 0.004323307892007902,
    "6": 0.004245229169760874,
    "7": 0.004017834262001243,
    "8": 0.0038805325722462507,
    "9": 0.0037293834146850534,
    "10": 0.0033677710409727632
  },
  "top_slice_readout": {
    "avg_label_top10": -0.0015775964181823352,
    "avg_label_rank11_20": 0.0001955374832226917,
    "avg_label_bottom10": 0.004492344824631026,
    "top10_minus_rank11_20": -0.0017731339014050269,
    "top10_minus_bottom10": -0.006069941242813362
  },
  "cutoff_gap": {
    "avg_rank10_11_score_gap": 0.000536370526561195,
    "median_rank10_11_score_gap": 0.0004446420631392112,
    "days_with_both_ranks": 6360,
    "days_gap_lt_0_005": 6360,
    "days_gap_lt_0_001": 6075
  }
}
