{
  "candidate_scheme_id": "price_volume_single_signal_alpha158_full_017_v1",
  "research_round_id": "rr_price_volume_single_signal_discovery_v18_round11b_batch03_20260428",
  "as_of_date": "20260428",
  "coverage": {
    "ranking_eligible_rows": 15233701,
    "null_score_rows": 0,
    "null_score_share": 0.0,
    "scored_with_label_rows": 15022019
  },
  "ic_readout": {
    "full_sample_corr_ic": 0.017230700752032157,
    "avg_daily_ic": 0.030169253697111546,
    "median_daily_ic": 0.025783710121552592,
    "positive_daily_ic_share": 0.574822974036192
  },
  "decile_monotonicity": {
    "1": 0.004451444233802905,
    "2": 0.004484930726566408,
    "3": 0.004699336460488851,
    "4": 0.00494728109787253,
    "5": 0.004791706777750238,
    "6": 0.004723541080298398,
    "7": 0.004348313351045594,
    "8": 0.003691596159423588,
    "9": 0.0026822838682778695,
    "10": -0.0007129705111785896
  },
  "top_slice_readout": {
    "avg_label_top10": 0.001189197573100602,
    "avg_label_rank11_20": 0.0051794935734090775,
    "avg_label_bottom10": -0.003030769488347346,
    "top10_minus_rank11_20": -0.003990296000308475,
    "top10_minus_bottom10": 0.004219967061447948
  },
  "cutoff_gap": {
    "avg_rank10_11_score_gap": 0.0005365288980949296,
    "median_rank10_11_score_gap": 0.00044474096039526234,
    "days_with_both_ranks": 6362,
    "days_gap_lt_0_005": 6362,
    "days_gap_lt_0_001": 6075
  }
}
