{
  "candidate_scheme_id": "price_volume_single_signal_alpha158_full_022_v1",
  "research_round_id": "rr_price_volume_single_signal_discovery_v18_round11b_batch03_20260428",
  "as_of_date": "20260428",
  "coverage": {
    "ranking_eligible_rows": 15233701,
    "null_score_rows": 907,
    "null_score_share": 5.9539044385865264e-05,
    "scored_with_label_rows": 15021120
  },
  "ic_readout": {
    "full_sample_corr_ic": 0.0004999522314109239,
    "avg_daily_ic": 0.003450347072456735,
    "median_daily_ic": 0.005639632100089425,
    "positive_daily_ic_share": 0.5472143531633616
  },
  "decile_monotonicity": {
    "1": 0.0034864074020665467,
    "2": 0.003870872358076112,
    "3": 0.0038832958429612075,
    "4": 0.00393558261923418,
    "5": 0.003950023493566352,
    "6": 0.0039738397821697585,
    "7": 0.0038971439954118866,
    "8": 0.003913837848387833,
    "9": 0.0038068950676231586,
    "10": 0.003370945115911527
  },
  "top_slice_readout": {
    "avg_label_top10": 0.003235989914157057,
    "avg_label_rank11_20": 0.0036690193097829297,
    "avg_label_bottom10": 0.0015252716262133298,
    "top10_minus_rank11_20": -0.0004330293956258729,
    "top10_minus_bottom10": 0.001710718287943727
  },
  "cutoff_gap": {
    "avg_rank10_11_score_gap": 0.0005364397328695746,
    "median_rank10_11_score_gap": 0.0004446420631392112,
    "days_with_both_ranks": 6361,
    "days_gap_lt_0_005": 6361,
    "days_gap_lt_0_001": 6075
  }
}
