{
  "candidate_scheme_id": "price_volume_single_signal_alpha158_full_008_v1",
  "research_round_id": "rr_price_volume_single_signal_discovery_v18_round11b_batch02_20260428",
  "as_of_date": "20260428",
  "coverage": {
    "ranking_eligible_rows": 15233701,
    "null_score_rows": 0,
    "null_score_share": 0.0,
    "scored_with_label_rows": 15022019
  },
  "ic_readout": {
    "full_sample_corr_ic": -0.002334595703136615,
    "avg_daily_ic": 0.0022355176304131286,
    "median_daily_ic": 0.0018869770031120052,
    "positive_daily_ic_share": 0.5109362706530292
  },
  "decile_monotonicity": {
    "1": 0.0028754144955159774,
    "2": 0.0036895550658509455,
    "3": 0.003838194558452126,
    "4": 0.003918450807098088,
    "5": 0.0040942983016416246,
    "6": 0.004073159400216386,
    "7": 0.00412090025892219,
    "8": 0.004109976831017408,
    "9": 0.003910115905497397,
    "10": 0.0034931396783973137
  },
  "top_slice_readout": {
    "avg_label_top10": 0.0007038356666904493,
    "avg_label_rank11_20": 0.0031794404442263982,
    "avg_label_bottom10": 0.0029318017718244463,
    "top10_minus_rank11_20": -0.002475604777535949,
    "top10_minus_bottom10": -0.002227966105133997
  },
  "cutoff_gap": {
    "avg_rank10_11_score_gap": 0.0005365288980949297,
    "median_rank10_11_score_gap": 0.00044474096039526234,
    "days_with_both_ranks": 6362,
    "days_gap_lt_0_005": 6362,
    "days_gap_lt_0_001": 6075
  }
}
