{
  "candidate_scheme_id": "price_volume_single_signal_alpha158_full_004_v1",
  "research_round_id": "rr_price_volume_single_signal_discovery_v18_round11b_batch02_20260428",
  "as_of_date": "20260428",
  "coverage": {
    "ranking_eligible_rows": 15233701,
    "null_score_rows": 907,
    "null_score_share": 5.9539044385865264e-05,
    "scored_with_label_rows": 15021120
  },
  "ic_readout": {
    "full_sample_corr_ic": 0.009716580004049668,
    "avg_daily_ic": 0.017430377018558024,
    "median_daily_ic": 0.018293485131205448,
    "positive_daily_ic_share": 0.5879760780610639
  },
  "decile_monotonicity": {
    "1": 0.003666249615762274,
    "2": 0.004124495651430984,
    "3": 0.004385841490208111,
    "4": 0.004590055485427602,
    "5": 0.004671719728232003,
    "6": 0.004625440548698268,
    "7": 0.004491879979145604,
    "8": 0.003952506678240892,
    "9": 0.002913963280491177,
    "10": 0.000658983814766519
  },
  "top_slice_readout": {
    "avg_label_top10": 0.00432087753417114,
    "avg_label_rank11_20": 0.004199069658322937,
    "avg_label_bottom10": -0.0035673417180449754,
    "top10_minus_rank11_20": 0.00012180787584820368,
    "top10_minus_bottom10": 0.007888219252216116
  },
  "cutoff_gap": {
    "avg_rank10_11_score_gap": 0.0005364397328695746,
    "median_rank10_11_score_gap": 0.0004446420631392112,
    "days_with_both_ranks": 6361,
    "days_gap_lt_0_005": 6361,
    "days_gap_lt_0_001": 6075
  }
}
