{
  "candidate_scheme_id": "price_volume_single_signal_alpha158_full_005_v1",
  "research_round_id": "rr_price_volume_single_signal_discovery_v18_round11b_batch02_20260428",
  "as_of_date": "20260428",
  "coverage": {
    "ranking_eligible_rows": 15233701,
    "null_score_rows": 907,
    "null_score_share": 5.9539044385865264e-05,
    "scored_with_label_rows": 15021120
  },
  "ic_readout": {
    "full_sample_corr_ic": 0.014219259298850236,
    "avg_daily_ic": 0.026395663052101982,
    "median_daily_ic": 0.018204718243181997,
    "positive_daily_ic_share": 0.5571293673276676
  },
  "decile_monotonicity": {
    "1": 0.004590662846844043,
    "2": 0.0043920166935038935,
    "3": 0.0043441316191656695,
    "4": 0.0044431758109567815,
    "5": 0.004527023203849039,
    "6": 0.004421037632027963,
    "7": 0.004384216653809469,
    "8": 0.003984139724089441,
    "9": 0.0032382235502957835,
    "10": -0.00024676275789519027
  },
  "top_slice_readout": {
    "avg_label_top10": 0.002664056494604619,
    "avg_label_rank11_20": 0.005821886502396691,
    "avg_label_bottom10": -0.0052617304228377805,
    "top10_minus_rank11_20": -0.003157830007792072,
    "top10_minus_bottom10": 0.0079257869174424
  },
  "cutoff_gap": {
    "avg_rank10_11_score_gap": 0.0005364397328695746,
    "median_rank10_11_score_gap": 0.0004446420631392112,
    "days_with_both_ranks": 6361,
    "days_gap_lt_0_005": 6361,
    "days_gap_lt_0_001": 6075
  }
}
