{
  "candidate_scheme_id": "price_volume_single_signal_alpha158_full_003_v1",
  "research_round_id": "rr_price_volume_single_signal_discovery_v18_round11b_batch02_20260428",
  "as_of_date": "20260428",
  "coverage": {
    "ranking_eligible_rows": 15233701,
    "null_score_rows": 907,
    "null_score_share": 5.9539044385865264e-05,
    "scored_with_label_rows": 15021120
  },
  "ic_readout": {
    "full_sample_corr_ic": 0.01116032435642103,
    "avg_daily_ic": 0.019319089631253582,
    "median_daily_ic": 0.018812967420642715,
    "positive_daily_ic_share": 0.5908089392508656
  },
  "decile_monotonicity": {
    "1": 0.003701026069398733,
    "2": 0.004173464250406097,
    "3": 0.00453007001494627,
    "4": 0.004671836634348893,
    "5": 0.004767030208967416,
    "6": 0.004689302672575189,
    "7": 0.004486688755383629,
    "8": 0.003929509432236676,
    "9": 0.0027986136095369454,
    "10": 0.00033243454600108917
  },
  "top_slice_readout": {
    "avg_label_top10": 0.004795889285570261,
    "avg_label_rank11_20": 0.004295868140581525,
    "avg_label_bottom10": -0.00341476014590436,
    "top10_minus_rank11_20": 0.0005000211449887361,
    "top10_minus_bottom10": 0.00821064943147462
  },
  "cutoff_gap": {
    "avg_rank10_11_score_gap": 0.0005364397328695747,
    "median_rank10_11_score_gap": 0.0004446420631392112,
    "days_with_both_ranks": 6361,
    "days_gap_lt_0_005": 6361,
    "days_gap_lt_0_001": 6075
  }
}
