{
  "candidate_scheme_id": "price_volume_screen_alpha158_corr30_composability_v1",
  "research_round_id": "rr_alpha158_exact_keeper_composability_screen_round3_20260429",
  "as_of_date": "20260429",
  "reference_candidate_scheme_id": "price_volume_v18_refresh_hysteresis",
  "standalone_candidate_scheme_id": "price_volume_single_signal_alpha158_corr30_v1",
  "diagnosis_question": "Relative to the frozen v18 core two-signal family, does alpha158_corr30_raw look compositionally compatible enough to justify a later overlay or restrained family-level promotion?",
  "single_signal_readout": {
    "full_sample_corr_ic": 0.015796247310989713,
    "avg_daily_ic": 0.026933671926731607,
    "median_daily_ic": 0.027586147244438933,
    "positive_daily_ic_share": 0.6260623229461756,
    "avg_label_top10": 0.009138096044458631,
    "avg_label_rank11_20": 0.006706498765454966,
    "avg_label_bottom10": -0.001990515527868549,
    "top10_minus_rank11_20": 0.0024315972790036654
  },
  "reference_family_signal_edge_readout": {
    "full_sample_corr_ic": 0.013345465999260203,
    "avg_daily_ic": 0.020657510312888955,
    "median_daily_ic": 0.01774414084919323,
    "positive_daily_ic_share": 0.558220810166799,
    "avg_label_top10": 0.006813846752840208,
    "avg_label_rank11_20": 0.006294745429802947,
    "avg_label_bottom10": -0.041531691741646615,
    "top10_minus_rank11_20": 0.0005191013230372611,
    "avg_rank10_11_score_gap": 0.002021238786301137,
    "median_rank10_11_score_gap": 0.0012864493996569415,
    "days_with_both_ranks": 6295,
    "avg_top10_liquidity_rank_mean": 0.44229734065187665
  },
  "screen_family_signal_edge_readout": {
    "full_sample_corr_ic": 0.018342366808482127,
    "avg_daily_ic": 0.029847453312276374,
    "median_daily_ic": 0.028276387206890928,
    "positive_daily_ic_share": 0.5936457505957109,
    "avg_label_top10": 0.009765524900637283,
    "avg_label_rank11_20": 0.007397564415836817,
    "avg_label_bottom10": 0.04420993113687126,
    "top10_minus_rank11_20": 0.002367960484800466,
    "avg_rank10_11_score_gap": 0.0029836838759032167,
    "median_rank10_11_score_gap": 0.001932216804791942,
    "days_with_both_ranks": 6295,
    "avg_top10_liquidity_rank_mean": 0.4202260641822278
  },
  "pairwise_component_correlation": {
    "momentum_vs_screen_signal": {
      "corr_full": 0.13480418978502567,
      "corr_avg_daily": 0.10454920871202021,
      "corr_median_daily": 0.12273893903197226,
      "corr_positive_daily_share": 0.6769279593779752
    },
    "liquidity_trend_vs_screen_signal": {
      "corr_full": 0.13024689828078623,
      "corr_avg_daily": 0.10803312561880142,
      "corr_median_daily": 0.1369834880860354,
      "corr_positive_daily_share": 0.6849551957239428
    },
    "core_v18_vs_screen_signal": {
      "corr_full": 0.16047019013658145,
      "corr_avg_daily": 0.1306128032386625,
      "corr_median_daily": 0.1631108967197269,
      "corr_positive_daily_share": 0.7415106315455411
    }
  },
  "component_interaction": {
    "bucket_readout": {
      "core_high_signal_high": 0.005342062901094959,
      "core_high_signal_mid": 0.00458939284684019,
      "core_high_signal_low": 0.003658890425680246,
      "core_mid_signal_high": 0.004744190561838826,
      "core_mid_signal_mid": 0.0041081339668902605,
      "core_mid_signal_low": 0.002859511730349381,
      "core_low_signal_high": 0.004027774308907349,
      "core_low_signal_mid": 0.003354339866254598,
      "core_low_signal_low": 0.001353642538730851
    }
  },
  "head_stability": {
    "reference_avg_top10_overlap_next_day": 7.223070739549839,
    "screen_avg_top10_overlap_next_day": 7.194935691318328,
    "reference_median_top10_overlap_next_day": 7.0,
    "screen_median_top10_overlap_next_day": 7.0,
    "avg_top10_overlap_same_day_vs_reference": 2.526155717761557,
    "median_top10_overlap_same_day_vs_reference": 2.0,
    "screen_avg_top10_overlap_next_day_drop_tolerance": 0.2
  },
  "coverage": {
    "total_rows": 15818326,
    "ranking_eligible_rows": 15233701,
    "reference_scored_rows": 15097814,
    "screen_scored_rows": 15097814
  },
  "judgement": {
    "primary_conclusion": "alpha158_corr30_raw is a real standalone keeper, but its additive fit with the frozen v18 core family is mixed rather than clean. It improves some static ordering diagnostics, but at least one of additive monotonicity, head stability, or liquidity/head proxy behavior remains questionable.",
    "mechanism": [
      "Pairwise momentum-vs-screen-signal rank correlation is 0.104549 on average by day.",
      "Core-family-vs-screen-signal rank correlation is 0.130613 on average by day.",
      "In the high-core region, core_high+signal_high average label is 0.005342 versus core_high+signal_mid 0.004589.",
      "Head stability proxy changes from reference avg next-day top10 overlap 7.223071 to screen 7.194936."
    ],
    "implication_for_next_step": "Do not promote alpha158_corr30_raw into a direct family overlay yet. Keep it as a standalone keeper or later reserve-candidate only.",
    "classification": "composability_screen_mixed",
    "hard_gate": {
      "screen_avg_top10_overlap_next_day_drop_tolerance": 0.2,
      "head_stability_not_worse": true
    }
  }
}
