{
  "candidate_scheme_id": "price_volume_screen_alpha158_cord10_composability_v1",
  "research_round_id": "rr_alpha158_exact_keeper_composability_screen_round3_20260429",
  "as_of_date": "20260429",
  "reference_candidate_scheme_id": "price_volume_v18_refresh_hysteresis",
  "standalone_candidate_scheme_id": "price_volume_single_signal_alpha158_cord10_v1",
  "diagnosis_question": "Relative to the frozen v18 core two-signal family, does alpha158_cord10_raw look compositionally compatible enough to justify a later overlay or restrained family-level promotion?",
  "single_signal_readout": {
    "full_sample_corr_ic": 0.013112539786301735,
    "avg_daily_ic": 0.024032816187255692,
    "median_daily_ic": 0.023890670517008807,
    "positive_daily_ic_share": 0.623957185581615,
    "avg_label_top10": 0.005905718445780792,
    "avg_label_rank11_20": 0.0057797530162391475,
    "avg_label_bottom10": -0.0016281207298930284,
    "top10_minus_rank11_20": 0.0001259654295416449
  },
  "reference_family_signal_edge_readout": {
    "full_sample_corr_ic": 0.013345465999259586,
    "avg_daily_ic": 0.02065751031288895,
    "median_daily_ic": 0.017744140849193162,
    "positive_daily_ic_share": 0.558220810166799,
    "avg_label_top10": 0.00681384675284021,
    "avg_label_rank11_20": 0.0062947454298029545,
    "avg_label_bottom10": 0.03202213842096676,
    "top10_minus_rank11_20": 0.000519101323037255,
    "avg_rank10_11_score_gap": 0.002021238786301137,
    "median_rank10_11_score_gap": 0.0012864493996569415,
    "days_with_both_ranks": 6295,
    "avg_top10_liquidity_rank_mean": 0.44229734065187687
  },
  "screen_family_signal_edge_readout": {
    "full_sample_corr_ic": 0.017223672501105236,
    "avg_daily_ic": 0.029140968428405863,
    "median_daily_ic": 0.028815804046784667,
    "positive_daily_ic_share": 0.5904686258935663,
    "avg_label_top10": 0.009163595292453268,
    "avg_label_rank11_20": 0.007145956650216408,
    "avg_label_bottom10": 0.09295880743857265,
    "top10_minus_rank11_20": 0.0020176386422368605,
    "avg_rank10_11_score_gap": 0.0029632342791076774,
    "median_rank10_11_score_gap": 0.002018464869999348,
    "days_with_both_ranks": 6295,
    "avg_top10_liquidity_rank_mean": 0.41553620903558136
  },
  "pairwise_component_correlation": {
    "momentum_vs_screen_signal": {
      "corr_full": 0.08210378652514366,
      "corr_avg_daily": 0.0673381819970199,
      "corr_median_daily": 0.06504877937760918,
      "corr_positive_daily_share": 0.6745477626150428
    },
    "liquidity_trend_vs_screen_signal": {
      "corr_full": 0.14576641125275844,
      "corr_avg_daily": 0.13429912515204348,
      "corr_median_daily": 0.13629384440499298,
      "corr_positive_daily_share": 0.8676100628930817
    },
    "core_v18_vs_screen_signal": {
      "corr_full": 0.1380413545305138,
      "corr_avg_daily": 0.12248772624639494,
      "corr_median_daily": 0.12446158787799436,
      "corr_positive_daily_share": 0.7989527134243097
    }
  },
  "component_interaction": {
    "bucket_readout": {
      "core_high_signal_high": 0.005073801211771206,
      "core_high_signal_mid": 0.004950234679735721,
      "core_high_signal_low": 0.003528887430589795,
      "core_mid_signal_high": 0.004650792525048464,
      "core_mid_signal_mid": 0.004324147817722407,
      "core_mid_signal_low": 0.0029118501375361714,
      "core_low_signal_high": 0.00375526173876812,
      "core_low_signal_mid": 0.002933470214889751,
      "core_low_signal_low": 0.0017091101756405436
    }
  },
  "head_stability": {
    "reference_avg_top10_overlap_next_day": 7.223070739549839,
    "screen_avg_top10_overlap_next_day": 6.2322074788902295,
    "reference_median_top10_overlap_next_day": 7.0,
    "screen_median_top10_overlap_next_day": 6.0,
    "avg_top10_overlap_same_day_vs_reference": 2.684309695101062,
    "median_top10_overlap_same_day_vs_reference": 3.0,
    "screen_avg_top10_overlap_next_day_drop_tolerance": 0.2
  },
  "coverage": {
    "total_rows": 15818326,
    "ranking_eligible_rows": 15233701,
    "reference_scored_rows": 15097814,
    "screen_scored_rows": 15097808
  },
  "judgement": {
    "primary_conclusion": "alpha158_cord10_raw is a real standalone keeper, but its additive fit with the frozen v18 core family is mixed rather than clean. It improves some static ordering diagnostics, but at least one of additive monotonicity, head stability, or liquidity/head proxy behavior remains questionable.",
    "mechanism": [
      "Pairwise momentum-vs-screen-signal rank correlation is 0.067338 on average by day.",
      "Core-family-vs-screen-signal rank correlation is 0.122488 on average by day.",
      "In the high-core region, core_high+signal_high average label is 0.005074 versus core_high+signal_mid 0.004950.",
      "Head stability proxy changes from reference avg next-day top10 overlap 7.223071 to screen 6.232207."
    ],
    "implication_for_next_step": "Do not promote alpha158_cord10_raw into a direct family overlay yet. Keep it as a standalone keeper or later reserve-candidate only.",
    "classification": "composability_screen_mixed",
    "hard_gate": {
      "screen_avg_top10_overlap_next_day_drop_tolerance": 0.2,
      "head_stability_not_worse": false
    }
  }
}
