{
  "candidate_scheme_id": "price_volume_screen_alpha158_corr10_composability_v1",
  "research_round_id": "rr_alpha158_exact_keeper_composability_screen_round3_20260429",
  "as_of_date": "20260429",
  "reference_candidate_scheme_id": "price_volume_v18_refresh_hysteresis",
  "standalone_candidate_scheme_id": "price_volume_single_signal_alpha158_corr10_v1",
  "diagnosis_question": "Relative to the frozen v18 core two-signal family, does alpha158_corr10_raw look compositionally compatible enough to justify a later overlay or restrained family-level promotion?",
  "single_signal_readout": {
    "full_sample_corr_ic": 0.018239952513792155,
    "avg_daily_ic": 0.029057652645671377,
    "median_daily_ic": 0.029923027289536303,
    "positive_daily_ic_share": 0.6414856783128737,
    "avg_label_top10": 0.010791731531354964,
    "avg_label_rank11_20": 0.007925438658965457,
    "avg_label_bottom10": -0.0020765913191827055,
    "top10_minus_rank11_20": 0.0028662928723895073
  },
  "reference_family_signal_edge_readout": {
    "full_sample_corr_ic": 0.01334546599925858,
    "avg_daily_ic": 0.020657510312888937,
    "median_daily_ic": 0.017744140849193204,
    "positive_daily_ic_share": 0.558220810166799,
    "avg_label_top10": 0.006813846752840213,
    "avg_label_rank11_20": 0.00629474542980295,
    "avg_label_bottom10": -0.02876254676801343,
    "top10_minus_rank11_20": 0.0005191013230372628,
    "avg_rank10_11_score_gap": 0.002021238786301137,
    "median_rank10_11_score_gap": 0.0012864493996569415,
    "days_with_both_ranks": 6295,
    "avg_top10_liquidity_rank_mean": 0.442297340651877
  },
  "screen_family_signal_edge_readout": {
    "full_sample_corr_ic": 0.019809962694284908,
    "avg_daily_ic": 0.03243536633819774,
    "median_daily_ic": 0.030416886250768552,
    "positive_daily_ic_share": 0.604130262112788,
    "avg_label_top10": 0.010730149458841966,
    "avg_label_rank11_20": 0.007725591898779459,
    "avg_label_bottom10": 0.022362031829509178,
    "top10_minus_rank11_20": 0.0030045575600625065,
    "avg_rank10_11_score_gap": 0.003081091315825086,
    "median_rank10_11_score_gap": 0.002022990732668095,
    "days_with_both_ranks": 6295,
    "avg_top10_liquidity_rank_mean": 0.40836385243921053
  },
  "pairwise_component_correlation": {
    "momentum_vs_screen_signal": {
      "corr_full": 0.05130743814826031,
      "corr_avg_daily": 0.02390144083393134,
      "corr_median_daily": 0.027784062115021404,
      "corr_positive_daily_share": 0.5634719136781974
    },
    "liquidity_trend_vs_screen_signal": {
      "corr_full": 0.13912688850626853,
      "corr_avg_daily": 0.11500013717930446,
      "corr_median_daily": 0.13077749990666904,
      "corr_positive_daily_share": 0.7619871089451344
    },
    "core_v18_vs_screen_signal": {
      "corr_full": 0.11535633533928015,
      "corr_avg_daily": 0.08322146361086988,
      "corr_median_daily": 0.09710513203197915,
      "corr_positive_daily_share": 0.6783560774357347
    }
  },
  "component_interaction": {
    "bucket_readout": {
      "core_high_signal_high": 0.005099941703044111,
      "core_high_signal_mid": 0.004919048508299138,
      "core_high_signal_low": 0.0035873195858083214,
      "core_mid_signal_high": 0.005069952443279518,
      "core_mid_signal_mid": 0.004402954878419787,
      "core_mid_signal_low": 0.002402247354126733,
      "core_low_signal_high": 0.0044929542550891915,
      "core_low_signal_mid": 0.0029630567249229567,
      "core_low_signal_low": 0.0010911274841844843
    }
  },
  "head_stability": {
    "reference_avg_top10_overlap_next_day": 7.223070739549839,
    "screen_avg_top10_overlap_next_day": 5.992760908908104,
    "reference_median_top10_overlap_next_day": 7.0,
    "screen_median_top10_overlap_next_day": 6.0,
    "avg_top10_overlap_same_day_vs_reference": 2.668213855939488,
    "median_top10_overlap_same_day_vs_reference": 2.0,
    "screen_avg_top10_overlap_next_day_drop_tolerance": 0.2
  },
  "coverage": {
    "total_rows": 15818326,
    "ranking_eligible_rows": 15233701,
    "reference_scored_rows": 15097814,
    "screen_scored_rows": 15097814
  },
  "judgement": {
    "primary_conclusion": "alpha158_corr10_raw is a real standalone keeper, but its additive fit with the frozen v18 core family is mixed rather than clean. It improves some static ordering diagnostics, but at least one of additive monotonicity, head stability, or liquidity/head proxy behavior remains questionable.",
    "mechanism": [
      "Pairwise momentum-vs-screen-signal rank correlation is 0.023901 on average by day.",
      "Core-family-vs-screen-signal rank correlation is 0.083221 on average by day.",
      "In the high-core region, core_high+signal_high average label is 0.005100 versus core_high+signal_mid 0.004919.",
      "Head stability proxy changes from reference avg next-day top10 overlap 7.223071 to screen 5.992761."
    ],
    "implication_for_next_step": "Do not promote alpha158_corr10_raw into a direct family overlay yet. Keep it as a standalone keeper or later reserve-candidate only.",
    "classification": "composability_screen_mixed",
    "hard_gate": {
      "screen_avg_top10_overlap_next_day_drop_tolerance": 0.2,
      "head_stability_not_worse": false
    }
  }
}
