{
  "candidate_scheme_id": "price_volume_single_signal_turnover_entropy_20d_v1",
  "research_round_id": "rr_price_volume_single_signal_discovery_v18_round11b_batch01_20260428",
  "as_of_date": "20260428",
  "coverage": {
    "ranking_eligible_rows": 15233701,
    "null_score_rows": 0,
    "null_score_share": 0.0,
    "scored_with_label_rows": 15022019
  },
  "ic_readout": {
    "full_sample_corr_ic": -0.013125020318869359,
    "avg_daily_ic": -0.02119516755290499,
    "median_daily_ic": -0.023105192473313853,
    "positive_daily_ic_share": 0.3916601101494886
  },
  "decile_monotonicity": {
    "1": 0.0006633471146283987,
    "2": 0.0029955531420805003,
    "3": 0.003822577669132579,
    "4": 0.0039147916954737705,
    "5": 0.004335956934103456,
    "6": 0.004435205910914168,
    "7": 0.004566085246449227,
    "8": 0.004425924290684215,
    "9": 0.004342983299402086,
    "10": 0.004629377632006845
  },
  "top_slice_readout": {
    "avg_label_top10": -0.003466664829590485,
    "avg_label_rank11_20": -0.0024958099343971823,
    "avg_label_bottom10": 0.006145009113646436,
    "top10_minus_rank11_20": -0.0009708548951933025,
    "top10_minus_bottom10": -0.00961167394323692
  },
  "cutoff_gap": {
    "avg_rank10_11_score_gap": 0.0005365288980949297,
    "median_rank10_11_score_gap": 0.00044474096039526234,
    "days_with_both_ranks": 6362,
    "days_gap_lt_0_005": 6362,
    "days_gap_lt_0_001": 6075
  }
}
