{
  "candidate_scheme_id": "price_volume_single_signal_price_volume_rank_corr_20d_v1",
  "research_round_id": "rr_price_volume_single_signal_discovery_v18_round11b_batch01_20260428",
  "as_of_date": "20260428",
  "coverage": {
    "ranking_eligible_rows": 15233701,
    "null_score_rows": 907,
    "null_score_share": 5.9539044385865264e-05,
    "scored_with_label_rows": 15021120
  },
  "ic_readout": {
    "full_sample_corr_ic": 0.01139426628034502,
    "avg_daily_ic": 0.020215685860868957,
    "median_daily_ic": 0.01970214167917026,
    "positive_daily_ic_share": 0.6268492288322317
  },
  "decile_monotonicity": {
    "1": 0.004932869742841809,
    "2": 0.004579663555706046,
    "3": 0.0043568287246914,
    "4": 0.004200982825736668,
    "5": 0.004001273850146414,
    "6": 0.003942045767964768,
    "7": 0.0037099464000853294,
    "8": 0.003402039763123775,
    "9": 0.0030588513918004302,
    "10": 0.0018953771706224523
  },
  "top_slice_readout": {
    "avg_label_top10": 0.005890333772154922,
    "avg_label_rank11_20": 0.005758917318949632,
    "avg_label_bottom10": 0.00028954031015763625,
    "top10_minus_rank11_20": 0.0001314164532052898,
    "top10_minus_bottom10": 0.005600793461997286
  },
  "cutoff_gap": {
    "avg_rank10_11_score_gap": 0.0005364397328695747,
    "median_rank10_11_score_gap": 0.0004446420631392112,
    "days_with_both_ranks": 6361,
    "days_gap_lt_0_005": 6361,
    "days_gap_lt_0_001": 6075
  }
}
