{
  "candidate_scheme_id": "price_volume_single_signal_updown_volume_balance_persistence_20d_v1",
  "research_round_id": "rr_price_volume_single_signal_discovery_v18_round11b_batch01_20260428",
  "as_of_date": "20260428",
  "coverage": {
    "ranking_eligible_rows": 15233701,
    "null_score_rows": 907,
    "null_score_share": 5.9539044385865264e-05,
    "scored_with_label_rows": 15021120
  },
  "ic_readout": {
    "full_sample_corr_ic": -0.005003676293500863,
    "avg_daily_ic": -0.007986165755451462,
    "median_daily_ic": -0.007200138304237285,
    "positive_daily_ic_share": 0.43311299968523764
  },
  "decile_monotonicity": {
    "1": 0.002921734807012916,
    "2": 0.003434015168251955,
    "3": 0.0036500509507989437,
    "4": 0.003777138180954783,
    "5": 0.0038689062775940897,
    "6": 0.003957380479901,
    "7": 0.004099066326712142,
    "8": 0.004063849588119604,
    "9": 0.0041127020979619565,
    "10": 0.00420836408188023
  },
  "top_slice_readout": {
    "avg_label_top10": 0.0015993576308817752,
    "avg_label_rank11_20": 0.002398234436316098,
    "avg_label_bottom10": 0.004265121106433,
    "top10_minus_rank11_20": -0.0007988768054343225,
    "top10_minus_bottom10": -0.0026657634755512245
  },
  "cutoff_gap": {
    "avg_rank10_11_score_gap": 0.0005364397328695746,
    "median_rank10_11_score_gap": 0.0004446420631392112,
    "days_with_both_ranks": 6361,
    "days_gap_lt_0_005": 6361,
    "days_gap_lt_0_001": 6075
  }
}
