{
  "candidate_scheme_id": "price_volume_screen_lower_shadow_support_20d_composability_v1",
  "research_round_id": "rr_price_volume_lower_shadow_support_composability_screen_20260428",
  "as_of_date": "20260428",
  "diagnosis_question": "Relative to the frozen v18 core two-signal family, does lower_shadow_support_20d_raw look compositionally compatible enough to justify a later family-level promotion?",
  "single_signal_readout": {
    "full_sample_corr_ic": 0.006151118798989937,
    "avg_daily_ic": 0.010726264953400693,
    "median_daily_ic": 0.008009879275225545,
    "positive_daily_ic_share": 0.5455546813532651,
    "avg_label_top10": 0.005563151123125364,
    "avg_label_rank11_20": 0.005020457585059126,
    "avg_label_bottom10": 0.0011361685447840518,
    "top10_minus_rank11_20": 0.0005426935380662377
  },
  "reference_family_signal_edge_readout": {
    "full_sample_corr_ic": 0.01334546599925913,
    "avg_daily_ic": 0.020657510312888955,
    "median_daily_ic": 0.017744140849193155,
    "positive_daily_ic_share": 0.558220810166799,
    "avg_label_top10": 0.006813846752840207,
    "avg_label_rank11_20": 0.006294745429802956,
    "avg_label_bottom10": 0.010693283839858736,
    "top10_minus_rank11_20": 0.0005191013230372507,
    "avg_rank10_11_score_gap": 0.002021238786301137,
    "median_rank10_11_score_gap": 0.0012864493996569415,
    "days_with_both_ranks": 6295,
    "avg_top10_liquidity_rank_mean": 0.44229734065187726
  },
  "screen_family_signal_edge_readout": {
    "full_sample_corr_ic": 0.0151702055404256,
    "avg_daily_ic": 0.023008004641144077,
    "median_daily_ic": 0.020609226985387835,
    "positive_daily_ic_share": 0.5758538522637013,
    "avg_label_top10": 0.005696130356928179,
    "avg_label_rank11_20": 0.005931982728556558,
    "avg_label_bottom10": -0.11449986525484568,
    "top10_minus_rank11_20": -0.00023585237162837905,
    "avg_rank10_11_score_gap": 0.0032012746043673175,
    "median_rank10_11_score_gap": 0.0021387106630004205,
    "days_with_both_ranks": 6295,
    "avg_top10_liquidity_rank_mean": 0.4685112958413325
  },
  "pairwise_component_correlation": {
    "momentum_vs_lower_shadow_support": {
      "corr_full": -0.03345481706370453,
      "corr_avg_daily": -0.025459323676307245,
      "corr_median_daily": -0.026590606420176792,
      "corr_positive_daily_share": 0.4095525230085687
    },
    "liquidity_trend_vs_lower_shadow_support": {
      "corr_full": -0.08482224894978724,
      "corr_avg_daily": -0.0668978042666108,
      "corr_median_daily": -0.06278708714251642,
      "corr_positive_daily_share": 0.27051241747878024
    },
    "core_v18_vs_lower_shadow_support": {
      "corr_full": -0.07179045758689465,
      "corr_avg_daily": -0.054498491388255896,
      "corr_median_daily": -0.05589271590744936,
      "corr_positive_daily_share": 0.33544906378927325
    }
  },
  "component_interaction": {
    "bucket_readout": {
      "core_high_signal_high": 0.005090365859030083,
      "core_high_signal_mid": 0.004693900056288643,
      "core_high_signal_low": 0.004119539175111533,
      "core_mid_signal_high": 0.004611337116588656,
      "core_mid_signal_mid": 0.004039941722054049,
      "core_mid_signal_low": 0.0033426906640408997,
      "core_low_signal_high": 0.0030295584617465203,
      "core_low_signal_mid": 0.0028030911859633335,
      "core_low_signal_low": 0.002054673757668104
    }
  },
  "head_stability": {
    "reference_avg_top10_overlap_next_day": 7.223070739549839,
    "screen_avg_top10_overlap_next_day": 6.84967845659164,
    "reference_median_top10_overlap_next_day": 7.0,
    "screen_median_top10_overlap_next_day": 7.0,
    "avg_top10_overlap_same_day_vs_reference": 2.76272040302267,
    "median_top10_overlap_same_day_vs_reference": 3.0
  },
  "coverage": {
    "total_rows": 15818326,
    "ranking_eligible_rows": 15233701,
    "reference_scored_rows": 15097814,
    "screen_scored_rows": 15097239
  },
  "judgement": {
    "primary_conclusion": "lower_shadow_support_20d_raw is a real standalone keeper, but its additive fit with the frozen v18 core family is mixed rather than clean. It improves some static ordering diagnostics, but at least one of additive monotonicity, head stability, or liquidity/head proxy behavior remains questionable.",
    "mechanism": [
      "Pairwise momentum-vs-lower-shadow-support rank correlation is -0.025459 on average by day, which indicates the new signal is not simply duplicating momentum.",
      "Core-family-vs-lower-shadow-support rank correlation is -0.054498 on average by day, so the candidate contributes partially orthogonal ordering information.",
      "In the high-core region, core_high+signal_high average label is 0.005090 versus core_high+signal_mid 0.004694, which is the key additive-monotonicity check.",
      "Head stability proxy changes from reference avg next-day top10 overlap 7.223071 to screen 6.849678."
    ],
    "implication_for_next_step": "Do not promote lower_shadow_support_20d_raw into a direct equal-weight family replacement yet. If used later, prefer a constrained third-signal test or gated modifier design.",
    "classification": "composability_screen_mixed"
  }
}
