{
  "candidate_scheme_id": "price_volume_single_signal_alpha158_imin60_v1",
  "research_round_id": "rr_price_volume_single_signal_discovery_v18_round11b_canonical_batch03_20260428",
  "as_of_date": "20260428",
  "coverage": {
    "ranking_eligible_rows": 15233701,
    "null_score_rows": 0,
    "null_score_share": 0.0,
    "scored_with_label_rows": 15022019
  },
  "ic_readout": {
    "full_sample_corr_ic": 0.007176785197172758,
    "avg_daily_ic": 0.009854765261593559,
    "median_daily_ic": 0.005723380619403931,
    "positive_daily_ic_share": 0.5269866247049567
  },
  "decile_monotonicity": {
    "1": 0.003339433689556826,
    "2": 0.004452668359029611,
    "3": 0.004569360607872247,
    "4": 0.004547266555923434,
    "5": 0.004568570526611933,
    "6": 0.004358352901262223,
    "7": 0.003952098235289685,
    "8": 0.0032194615459381556,
    "9": 0.002513531583595942,
    "10": 0.0025945033041851503
  },
  "top_slice_readout": {
    "avg_label_top10": 0.0017891877842343903,
    "avg_label_rank11_20": 0.002406285617329251,
    "avg_label_bottom10": 0.002327599847722403,
    "top10_minus_rank11_20": -0.0006170978330948605,
    "top10_minus_bottom10": -0.0005384120634880129
  },
  "cutoff_gap": {
    "avg_rank10_11_score_gap": 0.0005365288980949297,
    "median_rank10_11_score_gap": 0.00044474096039526234,
    "days_with_both_ranks": 6362,
    "days_gap_lt_0_005": 6362,
    "days_gap_lt_0_001": 6075
  }
}
