{
  "candidate_scheme_id": "price_volume_single_signal_alpha158_imax10_v1",
  "research_round_id": "rr_price_volume_single_signal_discovery_v18_round11b_canonical_batch03_20260428",
  "as_of_date": "20260428",
  "coverage": {
    "ranking_eligible_rows": 15233701,
    "null_score_rows": 0,
    "null_score_share": 0.0,
    "scored_with_label_rows": 15022019
  },
  "ic_readout": {
    "full_sample_corr_ic": 0.006870494002059746,
    "avg_daily_ic": 0.013299542101167555,
    "median_daily_ic": 0.012581609786427021,
    "positive_daily_ic_share": 0.559087332808812
  },
  "decile_monotonicity": {
    "1": 0.0029935855507122766,
    "2": 0.003874188174639216,
    "3": 0.004351286142769683,
    "4": 0.004719643159565301,
    "5": 0.004762095604014765,
    "6": 0.004806337547550669,
    "7": 0.004613666588520306,
    "8": 0.0040234822419896905,
    "9": 0.0030448081593060397,
    "10": 0.0009266690946668146
  },
  "top_slice_readout": {
    "avg_label_top10": 0.002349319560774338,
    "avg_label_rank11_20": 0.0025010770225222154,
    "avg_label_bottom10": -0.0005021856125838497,
    "top10_minus_rank11_20": -0.00015175746174787754,
    "top10_minus_bottom10": 0.0028515051733581875
  },
  "cutoff_gap": {
    "avg_rank10_11_score_gap": 0.0005365288980949297,
    "median_rank10_11_score_gap": 0.00044474096039526234,
    "days_with_both_ranks": 6362,
    "days_gap_lt_0_005": 6362,
    "days_gap_lt_0_001": 6075
  }
}
