{
  "candidate_scheme_id": "price_volume_single_signal_alpha158_rsv60_v1",
  "research_round_id": "rr_price_volume_single_signal_discovery_v18_round11b_canonical_batch03_20260428",
  "as_of_date": "20260428",
  "coverage": {
    "ranking_eligible_rows": 15233701,
    "null_score_rows": 0,
    "null_score_share": 0.0,
    "scored_with_label_rows": 15022019
  },
  "ic_readout": {
    "full_sample_corr_ic": 0.008937468071452504,
    "avg_daily_ic": 0.016395648717279943,
    "median_daily_ic": 0.012682618885725411,
    "positive_daily_ic_share": 0.5416207710464201
  },
  "decile_monotonicity": {
    "1": 0.0033446949216323794,
    "2": 0.004450033356341823,
    "3": 0.004687964995052255,
    "4": 0.004586630024689944,
    "5": 0.004519043570151488,
    "6": 0.004256053863342168,
    "7": 0.004043657623768786,
    "8": 0.0037482669734791195,
    "9": 0.0033102247723911103,
    "10": 0.001167593968234479
  },
  "top_slice_readout": {
    "avg_label_top10": -0.0011863855715701643,
    "avg_label_rank11_20": 0.0026048741538196134,
    "avg_label_bottom10": -0.004917877236147324,
    "top10_minus_rank11_20": -0.0037912597253897777,
    "top10_minus_bottom10": 0.0037314916645771598
  },
  "cutoff_gap": {
    "avg_rank10_11_score_gap": 0.0005365288980949297,
    "median_rank10_11_score_gap": 0.00044474096039526234,
    "days_with_both_ranks": 6362,
    "days_gap_lt_0_005": 6362,
    "days_gap_lt_0_001": 6075
  }
}
