{
  "candidate_scheme_id": "price_volume_single_signal_alpha158_rank60_v1",
  "research_round_id": "rr_price_volume_single_signal_discovery_v18_round11b_canonical_batch03_20260428",
  "as_of_date": "20260428",
  "coverage": {
    "ranking_eligible_rows": 15233701,
    "null_score_rows": 0,
    "null_score_share": 0.0,
    "scored_with_label_rows": 15022019
  },
  "ic_readout": {
    "full_sample_corr_ic": 0.01026457731769804,
    "avg_daily_ic": 0.018988617502750143,
    "median_daily_ic": 0.017271676999731787,
    "positive_daily_ic_share": 0.5537372147915027
  },
  "decile_monotonicity": {
    "1": 0.0029395069665466094,
    "2": 0.004513284327772924,
    "3": 0.004870145013914305,
    "4": 0.004847842481265212,
    "5": 0.004807770409232917,
    "6": 0.004509264637833923,
    "7": 0.004351858251106404,
    "8": 0.0037952972125243757,
    "9": 0.0027946498961825827,
    "10": 0.00068341585927997
  },
  "top_slice_readout": {
    "avg_label_top10": 0.0011302564916298395,
    "avg_label_rank11_20": 0.0018860488847095406,
    "avg_label_bottom10": -0.0018013410045602588,
    "top10_minus_rank11_20": -0.0007557923930797011,
    "top10_minus_bottom10": 0.0029315974961900983
  },
  "cutoff_gap": {
    "avg_rank10_11_score_gap": 0.0005365288980949297,
    "median_rank10_11_score_gap": 0.00044474096039526234,
    "days_with_both_ranks": 6362,
    "days_gap_lt_0_005": 6362,
    "days_gap_lt_0_001": 6075
  }
}
