{
  "candidate_scheme_id": "price_volume_single_signal_alpha158_rsv5_v1",
  "research_round_id": "rr_price_volume_single_signal_discovery_v18_round11b_canonical_batch03_20260428",
  "as_of_date": "20260428",
  "coverage": {
    "ranking_eligible_rows": 15233701,
    "null_score_rows": 0,
    "null_score_share": 0.0,
    "scored_with_label_rows": 15022019
  },
  "ic_readout": {
    "full_sample_corr_ic": 0.015575314626364602,
    "avg_daily_ic": 0.03009178878241945,
    "median_daily_ic": 0.0259437377399451,
    "positive_daily_ic_share": 0.600786782061369
  },
  "decile_monotonicity": {
    "1": 0.003759695262831108,
    "2": 0.004704790827373465,
    "3": 0.004856520158234118,
    "4": 0.004897786563217693,
    "5": 0.004877877562082778,
    "6": 0.004714581980528918,
    "7": 0.00436585303171769,
    "8": 0.003712331572483015,
    "9": 0.002706425810623914,
    "10": -0.0004870658010002079
  },
  "top_slice_readout": {
    "avg_label_top10": 0.0001606672443032728,
    "avg_label_rank11_20": 0.0032095793903424703,
    "avg_label_bottom10": -0.005422048816015243,
    "top10_minus_rank11_20": -0.0030489121460391976,
    "top10_minus_bottom10": 0.0055827160603185155
  },
  "cutoff_gap": {
    "avg_rank10_11_score_gap": 0.0005365288980949296,
    "median_rank10_11_score_gap": 0.00044474096039526234,
    "days_with_both_ranks": 6362,
    "days_gap_lt_0_005": 6362,
    "days_gap_lt_0_001": 6075
  }
}
