{
  "candidate_scheme_id": "price_volume_single_signal_alpha158_qtld60_v1",
  "research_round_id": "rr_price_volume_single_signal_discovery_v18_round11b_canonical_batch03_20260428",
  "as_of_date": "20260428",
  "coverage": {
    "ranking_eligible_rows": 15233701,
    "null_score_rows": 0,
    "null_score_share": 0.0,
    "scored_with_label_rows": 15022019
  },
  "ic_readout": {
    "full_sample_corr_ic": 0.01708230023113369,
    "avg_daily_ic": 0.0275871944819804,
    "median_daily_ic": 0.0261248089997278,
    "positive_daily_ic_share": 0.5735641227380016
  },
  "decile_monotonicity": {
    "1": 0.004450500326745309,
    "2": 0.004808995537861335,
    "3": 0.004877616638241187,
    "4": 0.0048531015088583125,
    "5": 0.004763022188656319,
    "6": 0.004435987096642373,
    "7": 0.004052195068224933,
    "8": 0.003502454306527518,
    "9": 0.0022489668669511014,
    "10": 0.00011453441831181359
  },
  "top_slice_readout": {
    "avg_label_top10": 0.001716814513828379,
    "avg_label_rank11_20": 0.005151301705413331,
    "avg_label_bottom10": -0.0009281864852376981,
    "top10_minus_rank11_20": -0.003434487191584952,
    "top10_minus_bottom10": 0.002645000999066077
  },
  "cutoff_gap": {
    "avg_rank10_11_score_gap": 0.0005365288980949297,
    "median_rank10_11_score_gap": 0.00044474096039526234,
    "days_with_both_ranks": 6362,
    "days_gap_lt_0_005": 6362,
    "days_gap_lt_0_001": 6075
  }
}
