{
  "candidate_scheme_id": "price_volume_single_signal_alpha158_qtld30_v1",
  "research_round_id": "rr_price_volume_single_signal_discovery_v18_round11b_canonical_batch03_20260428",
  "as_of_date": "20260428",
  "coverage": {
    "ranking_eligible_rows": 15233701,
    "null_score_rows": 0,
    "null_score_share": 0.0,
    "scored_with_label_rows": 15022019
  },
  "ic_readout": {
    "full_sample_corr_ic": 0.015098801310534237,
    "avg_daily_ic": 0.02650388692361686,
    "median_daily_ic": 0.024287928922200126,
    "positive_daily_ic_share": 0.5730920535011802
  },
  "decile_monotonicity": {
    "1": 0.0040144589478591595,
    "2": 0.004457135821269339,
    "3": 0.004708605577729864,
    "4": 0.004869122648674118,
    "5": 0.004880173926758201,
    "6": 0.004722823066416707,
    "7": 0.00437020588588236,
    "8": 0.0037986756004212167,
    "9": 0.0025069443862843124,
    "10": -0.00021899631821451412
  },
  "top_slice_readout": {
    "avg_label_top10": 0.00070917487967817,
    "avg_label_rank11_20": 0.004589934997047719,
    "avg_label_bottom10": -0.0014468012350109757,
    "top10_minus_rank11_20": -0.003880760117369549,
    "top10_minus_bottom10": 0.0021559761146891458
  },
  "cutoff_gap": {
    "avg_rank10_11_score_gap": 0.0005365288980949297,
    "median_rank10_11_score_gap": 0.00044474096039526234,
    "days_with_both_ranks": 6362,
    "days_gap_lt_0_005": 6362,
    "days_gap_lt_0_001": 6075
  }
}
