{
  "candidate_scheme_id": "price_volume_single_signal_alpha158_rsv30_v1",
  "research_round_id": "rr_price_volume_single_signal_discovery_v18_round11b_canonical_batch03_20260428",
  "as_of_date": "20260428",
  "coverage": {
    "ranking_eligible_rows": 15233701,
    "null_score_rows": 0,
    "null_score_share": 0.0,
    "scored_with_label_rows": 15022019
  },
  "ic_readout": {
    "full_sample_corr_ic": 0.007508015501939521,
    "avg_daily_ic": 0.014804713147564477,
    "median_daily_ic": 0.012100429662984318,
    "positive_daily_ic_share": 0.5398898505114084
  },
  "decile_monotonicity": {
    "1": 0.0029955662959335436,
    "2": 0.004055799684620667,
    "3": 0.004358137433653466,
    "4": 0.004598280494647971,
    "5": 0.004704305958954117,
    "6": 0.004680428325496957,
    "7": 0.0045590594422650925,
    "8": 0.004264798392578911,
    "9": 0.0035077455763532894,
    "10": 0.00039131972057444186
  },
  "top_slice_readout": {
    "avg_label_top10": -0.0015856483057494742,
    "avg_label_rank11_20": 0.002152848835635471,
    "avg_label_bottom10": -0.006195020486206,
    "top10_minus_rank11_20": -0.0037384971413849453,
    "top10_minus_bottom10": 0.004609372180456525
  },
  "cutoff_gap": {
    "avg_rank10_11_score_gap": 0.0005365288980949296,
    "median_rank10_11_score_gap": 0.00044474096039526234,
    "days_with_both_ranks": 6362,
    "days_gap_lt_0_005": 6362,
    "days_gap_lt_0_001": 6075
  }
}
