{
  "candidate_scheme_id": "price_volume_single_signal_alpha158_imxd20_v1",
  "research_round_id": "rr_price_volume_single_signal_discovery_v18_round11b_canonical_batch03_20260428",
  "as_of_date": "20260428",
  "coverage": {
    "ranking_eligible_rows": 15233701,
    "null_score_rows": 0,
    "null_score_share": 0.0,
    "scored_with_label_rows": 15022019
  },
  "ic_readout": {
    "full_sample_corr_ic": 0.008693818307974303,
    "avg_daily_ic": 0.013955009707978557,
    "median_daily_ic": 0.013403436449304851,
    "positive_daily_ic_share": 0.5537372147915027
  },
  "decile_monotonicity": {
    "1": 0.0036425225333122715,
    "2": 0.004381777974044521,
    "3": 0.004510008316570277,
    "4": 0.004520972552371939,
    "5": 0.004316497077662484,
    "6": 0.004261510304782177,
    "7": 0.004101165284314716,
    "8": 0.003804705128892687,
    "9": 0.00317242147239075,
    "10": 0.0014027261941615822
  },
  "top_slice_readout": {
    "avg_label_top10": 0.002948840047404867,
    "avg_label_rank11_20": 0.00334864714783577,
    "avg_label_bottom10": -0.0016204934007968035,
    "top10_minus_rank11_20": -0.00039980710043090303,
    "top10_minus_bottom10": 0.00456933344820167
  },
  "cutoff_gap": {
    "avg_rank10_11_score_gap": 0.0005365288980949297,
    "median_rank10_11_score_gap": 0.00044474096039526234,
    "days_with_both_ranks": 6362,
    "days_gap_lt_0_005": 6362,
    "days_gap_lt_0_001": 6075
  }
}
