{
  "candidate_scheme_id": "price_volume_single_signal_alpha158_imax5_v1",
  "research_round_id": "rr_price_volume_single_signal_discovery_v18_round11b_canonical_batch03_20260428",
  "as_of_date": "20260428",
  "coverage": {
    "ranking_eligible_rows": 15233701,
    "null_score_rows": 0,
    "null_score_share": 0.0,
    "scored_with_label_rows": 15022019
  },
  "ic_readout": {
    "full_sample_corr_ic": 0.01297574144969439,
    "avg_daily_ic": 0.02624107778501507,
    "median_daily_ic": 0.02279584449285351,
    "positive_daily_ic_share": 0.6190401258851298
  },
  "decile_monotonicity": {
    "1": 0.004106038150938841,
    "2": 0.004204859121229101,
    "3": 0.0047476567648865944,
    "4": 0.004872506113289814,
    "5": 0.0047289366098866685,
    "6": 0.004503662251423115,
    "7": 0.004210712488585146,
    "8": 0.0034480477062646428,
    "9": 0.0024817980134153976,
    "10": 0.0008065098535754741
  },
  "top_slice_readout": {
    "avg_label_top10": 0.004554984463338009,
    "avg_label_rank11_20": 0.004596412156987698,
    "avg_label_bottom10": -0.00017542140968538795,
    "top10_minus_rank11_20": -4.142769364968903e-05,
    "top10_minus_bottom10": 0.0047304058730233975
  },
  "cutoff_gap": {
    "avg_rank10_11_score_gap": 0.0005365288980949297,
    "median_rank10_11_score_gap": 0.00044474096039526234,
    "days_with_both_ranks": 6362,
    "days_gap_lt_0_005": 6362,
    "days_gap_lt_0_001": 6075
  }
}
