{
  "candidate_scheme_id": "price_volume_single_signal_alpha158_imax30_v1",
  "research_round_id": "rr_price_volume_single_signal_discovery_v18_round11b_canonical_batch03_20260428",
  "as_of_date": "20260428",
  "coverage": {
    "ranking_eligible_rows": 15233701,
    "null_score_rows": 0,
    "null_score_share": 0.0,
    "scored_with_label_rows": 15022019
  },
  "ic_readout": {
    "full_sample_corr_ic": 0.012304935586719364,
    "avg_daily_ic": 0.01940083941909653,
    "median_daily_ic": 0.019082799046700447,
    "positive_daily_ic_share": 0.577970102281668
  },
  "decile_monotonicity": {
    "1": 0.004284025771662504,
    "2": 0.004782159700155258,
    "3": 0.004665592886969764,
    "4": 0.004284423050086322,
    "5": 0.00411764712919229,
    "6": 0.004119858833521011,
    "7": 0.004164207826395899,
    "8": 0.0037769464189958187,
    "9": 0.0029129640653299707,
    "10": 0.0010035728180245282
  },
  "top_slice_readout": {
    "avg_label_top10": 0.004464793241759722,
    "avg_label_rank11_20": 0.004775053425654643,
    "avg_label_bottom10": -0.0014597488620459345,
    "top10_minus_rank11_20": -0.0003102601838949207,
    "top10_minus_bottom10": 0.0059245421038056564
  },
  "cutoff_gap": {
    "avg_rank10_11_score_gap": 0.0005365288980949297,
    "median_rank10_11_score_gap": 0.00044474096039526234,
    "days_with_both_ranks": 6362,
    "days_gap_lt_0_005": 6362,
    "days_gap_lt_0_001": 6075
  }
}
