{
  "candidate_scheme_id": "price_volume_single_signal_alpha158_imxd10_v1",
  "research_round_id": "rr_price_volume_single_signal_discovery_v18_round11b_canonical_batch03_20260428",
  "as_of_date": "20260428",
  "coverage": {
    "ranking_eligible_rows": 15233701,
    "null_score_rows": 0,
    "null_score_share": 0.0,
    "scored_with_label_rows": 15022019
  },
  "ic_readout": {
    "full_sample_corr_ic": 0.008016218237691945,
    "avg_daily_ic": 0.01419754765041291,
    "median_daily_ic": 0.011944696765706428,
    "positive_daily_ic_share": 0.5509047993705743
  },
  "decile_monotonicity": {
    "1": 0.003462379409328542,
    "2": 0.004148374082453946,
    "3": 0.004237226089944351,
    "4": 0.004597421001677038,
    "5": 0.004662298711795886,
    "6": 0.004498443176141113,
    "7": 0.00443518849828284,
    "8": 0.0038769223610830516,
    "9": 0.003010694228284301,
    "10": 0.0011858709519984047
  },
  "top_slice_readout": {
    "avg_label_top10": 0.0031933662634504555,
    "avg_label_rank11_20": 0.003217114156406679,
    "avg_label_bottom10": -0.000823432924429475,
    "top10_minus_rank11_20": -2.3747892956223465e-05,
    "top10_minus_bottom10": 0.00401679918787993
  },
  "cutoff_gap": {
    "avg_rank10_11_score_gap": 0.0005365288980949297,
    "median_rank10_11_score_gap": 0.00044474096039526234,
    "days_with_both_ranks": 6362,
    "days_gap_lt_0_005": 6362,
    "days_gap_lt_0_001": 6075
  }
}
