{
  "candidate_scheme_id": "price_volume_single_signal_alpha158_corr5_v1",
  "research_round_id": "rr_price_volume_single_signal_discovery_v18_round11b_canonical_batch03_20260428",
  "as_of_date": "20260428",
  "coverage": {
    "ranking_eligible_rows": 15233701,
    "null_score_rows": 1325,
    "null_score_share": 8.697820706865653e-05,
    "scored_with_label_rows": 15020717
  },
  "ic_readout": {
    "full_sample_corr_ic": 0.01625206351620211,
    "avg_daily_ic": 0.02726132241658068,
    "median_daily_ic": 0.026893210503119304,
    "positive_daily_ic_share": 0.6471514006924772
  },
  "decile_monotonicity": {
    "1": 0.005382557266349408,
    "2": 0.004729832493542863,
    "3": 0.004647845294670378,
    "4": 0.0044538822557570615,
    "5": 0.004286195887637732,
    "6": 0.004011287386384735,
    "7": 0.0036298536277640852,
    "8": 0.0032819692938517065,
    "9": 0.002497176615380111,
    "10": 0.0011556913168502168
  },
  "top_slice_readout": {
    "avg_label_top10": 0.0074829351971376955,
    "avg_label_rank11_20": 0.00702873664522066,
    "avg_label_bottom10": -0.0008938327960306758,
    "top10_minus_rank11_20": 0.0004541985519170358,
    "top10_minus_bottom10": 0.00837676799316837
  },
  "cutoff_gap": {
    "avg_rank10_11_score_gap": 0.0005364576167712449,
    "median_rank10_11_score_gap": 0.0004446420631392112,
    "days_with_both_ranks": 6361,
    "days_gap_lt_0_005": 6361,
    "days_gap_lt_0_001": 6075
  }
}
