{
  "candidate_scheme_id": "price_volume_single_signal_alpha158_imax60_v1",
  "research_round_id": "rr_price_volume_single_signal_discovery_v18_round11b_canonical_batch03_20260428",
  "as_of_date": "20260428",
  "coverage": {
    "ranking_eligible_rows": 15233701,
    "null_score_rows": 0,
    "null_score_share": 0.0,
    "scored_with_label_rows": 15022019
  },
  "ic_readout": {
    "full_sample_corr_ic": 0.007972105643663619,
    "avg_daily_ic": 0.012187731861547247,
    "median_daily_ic": 0.011130531391962557,
    "positive_daily_ic_share": 0.5452399685287176
  },
  "decile_monotonicity": {
    "1": 0.004085903479520873,
    "2": 0.004176876618655683,
    "3": 0.004341150349179177,
    "4": 0.004209982860535292,
    "5": 0.004403819659053751,
    "6": 0.003962259179940295,
    "7": 0.003817895307755486,
    "8": 0.004193354131587049,
    "9": 0.0032113318625319165,
    "10": 0.0017123562390152782
  },
  "top_slice_readout": {
    "avg_label_top10": 0.0027035865501050804,
    "avg_label_rank11_20": 0.0038468574730952973,
    "avg_label_bottom10": -0.0007526404144543017,
    "top10_minus_rank11_20": -0.0011432709229902169,
    "top10_minus_bottom10": 0.003456226964559382
  },
  "cutoff_gap": {
    "avg_rank10_11_score_gap": 0.0005365288980949297,
    "median_rank10_11_score_gap": 0.00044474096039526234,
    "days_with_both_ranks": 6362,
    "days_gap_lt_0_005": 6362,
    "days_gap_lt_0_001": 6075
  }
}
